DATE,OPEN
2009-01-11,619.53
2009-01-12,635.4
2009-01-13,653.28
2009-01-14,655.16
2009-01-15,610.36
2009-01-16,606.95
2009-01-19,608.64
2009-01-20,586.97
2009-01-21,569.78
2009-01-22,583.39
2009-01-23,557.57
2009-01-26,553.62
2009-01-27,613.56
2009-01-28,602.9
2009-01-29,622.58
2009-01-30,619.27
2009-02-02,624.86
2009-02-03,626.45
2009-02-04,626.01
2009-02-05,635.89
2009-02-06,623.19
2009-02-09,656.06
2009-02-10,698.67
2009-02-11,728.01
2009-02-12,726.7
2009-02-13,690.34
2009-02-16,732.17
2009-02-17,711.98
2009-02-18,645.18
2009-02-19,628.04
2009-02-20,646.42
2009-02-24,631.6
2009-02-25,629.29
2009-02-26,633.9
2009-02-27,672.32
2009-03-02,666.02
2009-03-03,646.23
2009-03-04,654.14
2009-03-05,685.65
2009-03-06,671.91
2009-03-10,688.97
2009-03-11,750.19
2009-03-12,738.95
2009-03-13,728.3
2009-03-16,749.27
2009-03-17,762.75
2009-03-18,772.46
2009-03-19,743.13
2009-03-20,784.94
2009-03-23,792.05
2009-03-24,849.94
2009-03-25,815.88
2009-03-26,851.38
2009-03-27,849.53
2009-03-30,815.21
2009-03-31,763.36
2009-04-01,772.93
2009-04-02,787.26
2009-04-03,837.91
2009-04-06,837.89
2009-04-07,836.05
2009-04-08,843.24
2009-04-09,872.93
2009-04-10,922.68
2009-04-13,927.38
2009-04-14,904.82
2009-04-15,918.61
2009-04-16,906.01
2009-04-17,917.1
2009-04-20,932.9
2009-04-21,882.15
2009-04-22,877.23
2009-04-23,904.93
2009-04-24,928.14
2009-04-27,922.99
2009-04-28,902.45
2009-04-29,887.52
2009-04-30,922.05
2009-05-04,920.38
2009-05-05,957.78
2009-05-06,957.04
2009-05-07,986.12
2009-05-08,1011.67
2009-05-12,1028.9
2009-05-13,1059.58
2009-05-14,1007.84
2009-05-15,1000.65
2009-05-18,1002.19
2009-05-19,1012.89
2009-05-20,1041.84
2009-05-21,1094.73
2009-05-22,1034.45
2009-05-25,1054.14
2009-05-26,1050.95
2009-05-27,1041.13
2009-05-28,1059.58
2009-05-29,1075.02
2009-06-01,1123.4
2009-06-02,1206.21
2009-06-03,1198.6
2009-06-04,1108.86
2009-06-05,1125.13
2009-06-08,1143.5
2009-06-09,1120.33
2009-06-10,1113.85
2009-06-11,1133.69
2009-06-15,1138.24
2009-06-16,1078.09
2009-06-17,1099.37
2009-06-18,1039.43
2009-06-19,1020.98
2009-06-22,1017.29
2009-06-23,937.97
2009-06-24,917.31
2009-06-25,984.89
2009-06-26,961.4
2009-06-29,960.15
2009-06-30,989.38
2009-07-01,971.55
2009-07-02,1012.48
2009-07-03,977.08
2009-07-06,974.04
2009-07-07,925.2
2009-07-08,927.01
2009-07-09,904.58
2009-07-10,896.2
2009-07-13,871.31
2009-07-14,881.23
2009-07-15,892.05
2009-07-16,941.21
2009-07-17,938.73
2009-07-20,966.39
2009-07-21,985.81
2009-07-22,1002.88
2009-07-23,980.71
2009-07-24,1031.45
2009-07-27,1026.95
2009-07-28,1036.55
2009-07-29,1002.24
2009-07-30,986.8
2009-07-31,1046.65
2009-08-03,1053.33
2009-08-04,1098.94
2009-08-05,1102.09
2009-08-06,1084.18
2009-08-07,1091.87
2009-08-10,1115.36
2009-08-11,1101.19
2009-08-12,1069.25
2009-08-13,1086.52
2009-08-14,1100.57
2009-08-17,1071.86
2009-08-18,1035.41
2009-08-19,1035.5
2009-08-20,1034.08
2009-08-21,1062.87
2009-08-24,1106.05
2009-08-25,1120.52
2009-08-26,1115.85
2009-08-27,1099.72
2009-08-28,1080.05
2009-08-31,1111.32
2009-09-01,1092.04
2009-09-02,1104.79
2009-09-03,1076.71
2009-09-04,1093.72
2009-09-07,1086.09
2009-09-08,1111.92
2009-09-09,1149.78
2009-09-10,1159.95
2009-09-11,1154.19
2009-09-14,1175.13
2009-09-15,1175.01
2009-09-16,1203.97
2009-09-17,1217.67
2009-09-18,1205.04
2009-09-21,1208.43
2009-09-22,1165.24
2009-09-23,1202.92
2009-09-24,1198.83
2009-09-25,1177.23
2009-09-28,1187.86
2009-09-29,1208.19
2009-09-30,1212.75
2009-10-01,1197.39
2009-10-02,1211.38
2009-10-05,1176.01
2009-10-06,1178.22
2009-10-07,1220.48
2009-10-08,1226.44
2009-10-09,1278.54
2009-10-12,1308.14
2009-10-13,1357.43
2009-10-14,1320.9
2009-10-15,1362.88
2009-10-16,1341.68
2009-10-19,1317.09
2009-10-20,1365.24
2009-10-21,1361.75
2009-10-22,1372.95
2009-10-23,1359.48
2009-10-26,1365.05
2009-10-27,1358.31
2009-10-28,1333.32
2009-10-29,1253.35
2009-10-30,1291.99
2009-11-02,1237.06
2009-11-03,1266.3
2009-11-05,1218.43
2009-11-06,1258.5
2009-11-09,1241.92
2009-11-10,1304.63
2009-11-11,1322.8
2009-11-12,1316.17
2009-11-13,1315.86
2009-11-16,1311.1
2009-11-17,1365.18
2009-11-18,1353.9
2009-11-19,1371.82
2009-11-20,1335.54
2009-11-23,1334.16
2009-11-24,1353.5
2009-11-25,1331.17
2009-11-26,1311.95
2009-11-27,1268.87
2009-11-30,1286.11
2009-12-01,1284.99
2009-12-02,1319.36
2009-12-03,1325.76
2009-12-04,1310.62
2009-12-07,1342.58
2009-12-08,1322.09
2009-12-09,1310.96
2009-12-10,1302.36
2009-12-11,1304.61
2009-12-14,1301.51
2009-12-15,1317.76
2009-12-16,1332.29
2009-12-17,1388.59
2009-12-18,1360.48
2009-12-21,1368.72
2009-12-22,1377.93
2009-12-23,1366.21
2009-12-24,1366.78
2009-12-25,1351.24
2009-12-28,1357.11
2009-12-29,1361.64
2009-12-30,1368.51
2009-12-31,1362.01
2010-01-11,1370.3
2010-01-12,1444.78
2010-01-13,1427.62
2010-01-14,1435.01
2010-01-15,1455.47
2010-01-18,1452.67
2010-01-19,1479.52
2010-01-20,1484.03
2010-01-21,1461.23
2010-01-22,1435.9
2010-01-25,1410.37
2010-01-26,1415.81
2010-01-27,1384.79
2010-01-28,1391.25
2010-01-29,1406.46
2010-02-01,1419.42
2010-02-02,1417.0
2010-02-03,1436.63
2010-02-04,1431.08
2010-02-05,1395.86
2010-02-08,1355.64
2010-02-09,1322.24
2010-02-10,1338.16
2010-02-11,1327.24
2010-02-12,1329.37
2010-02-15,1304.88
2010-02-16,1319.22
2010-02-17,1361.49
2010-02-18,1354.07
2010-02-19,1338.77
2010-02-24,1353.75
2010-02-25,1334.33
2010-02-26,1306.5
2010-02-27,1323.72
2010-03-01,1332.97
2010-03-02,1356.27
2010-03-03,1368.09
2010-03-04,1379.32
2010-03-05,1384.44
2010-03-09,1414.34
2010-03-10,1412.1
2010-03-11,1402.35
2010-03-12,1395.91
2010-03-15,1415.68
2010-03-16,1400.25
2010-03-17,1420.76
2010-03-18,1435.23
2010-03-19,1433.45
2010-03-22,1421.0
2010-03-23,1417.85
2010-03-24,1410.61
2010-03-25,1404.76
2010-03-26,1406.71
2010-03-29,1415.54
2010-03-30,1440.2
2010-03-31,1443.82
2010-04-01,1450.16
2010-04-02,1479.73
2010-04-05,1480.46
2010-04-06,1487.51
2010-04-07,1498.64
2010-04-08,1478.41
2010-04-09,1476.59
2010-04-12,1496.88
2010-04-13,1502.64
2010-04-14,1499.36
2010-04-15,1526.61
2010-04-16,1530.92
2010-04-19,1494.98
2010-04-20,1459.18
2010-04-21,1473.92
2010-04-22,1465.87
2010-04-23,1443.36
2010-04-26,1467.64
2010-04-27,1484.19
2010-04-28,1462.7
2010-04-29,1430.81
2010-04-30,1455.12
2010-05-04,1436.04
2010-05-05,1393.07
2010-05-06,1378.43
2010-05-07,1365.09
2010-05-11,1289.28
2010-05-12,1334.03
2010-05-13,1391.94
2010-05-14,1378.69
2010-05-17,1351.92
2010-05-18,1357.51
2010-05-19,1362.25
2010-05-20,1320.9
2010-05-21,1264.06
2010-05-24,1264.83
2010-05-25,1269.1
2010-05-26,1198.18
2010-05-27,1265.18
2010-05-28,1306.47
2010-05-31,1309.08
2010-06-01,1332.62
2010-06-02,1325.47
2010-06-03,1341.41
2010-06-04,1350.46
2010-06-07,1333.49
2010-06-08,1322.0
2010-06-09,1301.41
2010-06-10,1315.15
2010-06-11,1340.09
2010-06-15,1336.14
2010-06-16,1371.31
2010-06-17,1369.58
2010-06-18,1356.18
2010-06-21,1367.75
2010-06-22,1405.12
2010-06-23,1388.24
2010-06-24,1377.97
2010-06-25,1363.15
2010-06-28,1347.58
2010-06-29,1363.4
2010-06-30,1323.29
2010-07-01,1309.31
2010-07-02,1255.18
2010-07-05,1288.05
2010-07-06,1292.2
2010-07-07,1327.63
2010-07-08,1327.77
2010-07-09,1320.68
2010-07-12,1324.17
2010-07-13,1344.57
2010-07-14,1367.91
2010-07-15,1358.59
2010-07-16,1340.22
2010-07-19,1327.55
2010-07-20,1336.63
2010-07-21,1328.85
2010-07-22,1354.83
2010-07-23,1381.35
2010-07-26,1380.88
2010-07-27,1396.92
2010-07-28,1401.56
2010-07-29,1394.89
2010-07-30,1418.3
2010-08-02,1397.15
2010-08-03,1429.36
2010-08-04,1412.25
2010-08-05,1418.18
2010-08-06,1414.65
2010-08-09,1403.09
2010-08-10,1419.2
2010-08-11,1397.65
2010-08-12,1376.88
2010-08-13,1375.54
2010-08-16,1371.46
2010-08-17,1373.22
2010-08-18,1391.47
2010-08-19,1386.79
2010-08-20,1375.11
2010-08-23,1366.32
2010-08-24,1366.68
2010-08-25,1339.82
2010-08-26,1334.8
2010-08-27,1356.25
2010-08-30,1366.5
2010-08-31,1370.77
2010-09-01,1368.93
2010-09-02,1394.56
2010-09-03,1401.83
2010-09-06,1410.17
2010-09-07,1408.6
2010-09-08,1398.38
2010-09-09,1422.09
2010-09-10,1437.45
2010-09-13,1433.89
2010-09-14,1441.58
2010-09-15,1433.22
2010-09-16,1436.02
2010-09-17,1431.09
2010-09-20,1417.72
2010-09-21,1426.84
2010-09-22,1433.9
2010-09-23,1431.21
2010-09-24,1430.12
2010-09-27,1436.07
2010-09-28,1418.67
2010-09-29,1410.11
2010-09-30,1419.18
2010-10-01,1440.3
2010-10-04,1455.63
2010-10-05,1465.09
2010-10-06,1474.15
2010-10-07,1475.19
2010-10-08,1468.25
2010-10-11,1464.67
2010-10-12,1482.07
2010-10-13,1477.8
2010-10-14,1493.21
2010-10-15,1489.04
2010-10-18,1491.46
2010-10-19,1500.65
2010-10-20,1490.49
2010-10-21,1493.49
2010-10-22,1528.0
2010-10-25,1519.35
2010-10-26,1528.12
2010-10-27,1524.83
2010-10-28,1507.05
2010-10-29,1506.5
2010-11-01,1523.4
2010-11-02,1533.7
2010-11-03,1537.29
2010-11-08,1540.11
2010-11-09,1568.26
2010-11-10,1594.7
2010-11-11,1574.68
2010-11-12,1556.37
2010-11-13,1548.96
2010-11-15,1541.1
2010-11-16,1556.18
2010-11-17,1526.64
2010-11-18,1533.92
2010-11-19,1552.21
2010-11-22,1556.8
2010-11-23,1550.42
2010-11-24,1537.67
2010-11-25,1561.97
2010-11-26,1571.31
2010-11-29,1566.47
2010-11-30,1554.67
2010-12-01,1565.6
2010-12-02,1601.78
2010-12-03,1632.32
2010-12-06,1649.56
2010-12-07,1672.99
2010-12-08,1676.41
2010-12-09,1650.36
2010-12-10,1660.62
2010-12-13,1656.51
2010-12-14,1662.51
2010-12-15,1666.12
2010-12-16,1670.26
2010-12-17,1660.22
2010-12-20,1666.84
2010-12-21,1663.29
2010-12-22,1673.84
2010-12-23,1682.74
2010-12-24,1684.52
2010-12-27,1675.81
2010-12-28,1663.55
2010-12-29,1664.86
2010-12-30,1677.68
2011-01-11,1688.0
2011-01-12,1714.04
2011-01-13,1759.46
2011-01-14,1749.75
2011-01-17,1745.15
2011-01-18,1771.69
2011-01-19,1765.3
2011-01-20,1764.31
2011-01-21,1733.89
2011-01-24,1747.39
2011-01-25,1720.7
2011-01-26,1716.24
2011-01-27,1746.55
2011-01-28,1751.47
2011-01-31,1734.93
2011-02-01,1723.45
2011-02-02,1755.95
2011-02-03,1765.43
2011-02-04,1749.78
2011-02-07,1766.53
2011-02-08,1767.31
2011-02-09,1729.53
2011-02-10,1723.32
2011-02-11,1676.77
2011-02-14,1714.09
2011-02-15,1708.45
2011-02-16,1695.98
2011-02-17,1707.14
2011-02-18,1692.95
2011-02-21,1690.09
2011-02-22,1712.63
2011-02-24,1700.98
2011-02-25,1715.2
2011-02-28,1747.72
2011-03-01,1777.84
2011-03-02,1758.44
2011-03-03,1765.38
2011-03-04,1772.83
2011-03-05,1764.96
2011-03-09,1780.63
2011-03-10,1779.14
2011-03-11,1731.8
2011-03-14,1719.95
2011-03-15,1726.78
2011-03-16,1700.69
2011-03-17,1705.2
2011-03-18,1737.66
2011-03-21,1747.32
2011-03-22,1753.18
2011-03-23,1741.25
2011-03-24,1770.58
2011-03-25,1795.4
2011-03-28,1807.53
2011-03-29,1810.74
2011-03-30,1788.17
2011-03-31,1815.6
2011-04-01,1813.59
2011-04-04,1843.43
2011-04-05,1852.06
2011-04-06,1848.21
2011-04-07,1859.99
2011-04-08,1844.33
2011-04-11,1855.97
2011-04-12,1845.78
2011-04-13,1799.94
2011-04-14,1809.83
2011-04-15,1781.5
2011-04-18,1780.36
2011-04-19,1714.08
2011-04-20,1755.63
2011-04-21,1783.59
2011-04-22,1780.6
2011-04-25,1793.96
2011-04-26,1769.94
2011-04-27,1766.28
2011-04-28,1745.87
2011-04-29,1749.01
2011-05-03,1741.82
2011-05-04,1691.45
2011-05-05,1657.55
2011-05-06,1644.92
2011-05-10,1680.91
2011-05-11,1678.27
2011-05-12,1654.77
2011-05-13,1630.79
2011-05-16,1632.12
2011-05-17,1623.05
2011-05-18,1608.67
2011-05-19,1627.03
2011-05-20,1630.74
2011-05-23,1603.97
2011-05-24,1573.39
2011-05-25,1598.81
2011-05-26,1614.86
2011-05-27,1606.27
2011-05-30,1638.06
2011-05-31,1644.99
2011-06-01,1666.84
2011-06-02,1650.59
2011-06-03,1658.36
2011-06-06,1633.02
2011-06-07,1633.49
2011-06-08,1662.62
2011-06-09,1664.82
2011-06-10,1692.28
2011-06-14,1683.96
2011-06-15,1681.66
2011-06-16,1678.82
2011-06-17,1671.1
2011-06-20,1645.82
2011-06-21,1626.18
2011-06-22,1635.4
2011-06-23,1639.94
2011-06-24,1607.97
2011-06-27,1633.97
2011-06-28,1626.95
2011-06-29,1651.51
2011-06-30,1659.98
2011-07-01,1666.53
2011-07-04,1698.1
2011-07-05,1706.14
2011-07-06,1710.01
2011-07-07,1705.43
2011-07-08,1740.47
2011-07-11,1724.57
2011-07-12,1701.44
2011-07-13,1705.92
2011-07-14,1714.19
2011-07-15,1715.49
2011-07-18,1714.6
2011-07-19,1687.71
2011-07-20,1700.19
2011-07-21,1701.48
2011-07-22,1729.01
2011-07-25,1728.82
2011-07-26,1726.93
2011-07-27,1722.12
2011-07-28,1706.27
2011-07-29,1720.37
2011-08-01,1705.22
2011-08-02,1725.11
2011-08-03,1712.91
2011-08-04,1655.36
2011-08-05,1620.51
2011-08-08,1586.95
2011-08-09,1499.14
2011-08-10,1497.86
2011-08-11,1431.43
2011-08-12,1438.93
2011-08-15,1470.67
2011-08-16,1510.66
2011-08-17,1481.19
2011-08-18,1509.02
2011-08-19,1452.82
2011-08-22,1437.9
2011-08-23,1444.0
2011-08-24,1444.21
2011-08-25,1461.64
2011-08-26,1442.54
2011-08-29,1458.82
2011-08-30,1512.35
2011-08-31,1514.11
2011-09-01,1546.05
2011-09-02,1549.62
2011-09-05,1515.83
2011-09-06,1492.83
2011-09-07,1499.7
2011-09-08,1546.56
2011-09-09,1556.41
2011-09-12,1518.13
2011-09-13,1493.18
2011-09-14,1498.16
2011-09-15,1504.92
2011-09-16,1525.28
2011-09-19,1511.48
2011-09-20,1493.19
2011-09-21,1519.95
2011-09-22,1506.93
2011-09-23,1389.43
2011-09-26,1327.19
2011-09-27,1346.9
2011-09-28,1380.24
2011-09-29,1377.85
2011-09-30,1407.71
2011-10-03,1366.45
2011-10-04,1344.66
2011-10-05,1268.0
2011-10-06,1266.12
2011-10-07,1318.31
2011-10-10,1351.42
2011-10-11,1380.84
2011-10-12,1364.06
2011-10-13,1396.5
2011-10-14,1388.77
2011-10-17,1431.92
2011-10-18,1403.05
2011-10-19,1425.3
2011-10-20,1420.2
2011-10-21,1418.86
2011-10-24,1447.63
2011-10-25,1482.81
2011-10-26,1462.16
2011-10-27,1499.81
2011-10-28,1525.55
2011-10-31,1526.22
2011-11-01,1498.56
2011-11-02,1456.29
2011-11-03,1488.69
2011-11-07,1501.2
2011-11-08,1521.01
2011-11-09,1520.93
2011-11-10,1470.78
2011-11-11,1489.59
2011-11-14,1484.97
2011-11-15,1484.3
2011-11-16,1487.84
2011-11-17,1483.24
2011-11-18,1475.31
2011-11-21,1460.54
2011-11-22,1390.55
2011-11-23,1401.91
2011-11-24,1404.25
2011-11-25,1392.65
2011-11-28,1411.03
2011-11-29,1466.22
2011-11-30,1454.66
2011-12-01,1499.62
2011-12-02,1505.35
2011-12-05,1505.77
2011-12-06,1517.45
2011-12-07,1458.09
2011-12-08,1448.69
2011-12-09,1456.26
2011-12-12,1396.28
2011-12-13,1349.96
2011-12-14,1377.82
2011-12-15,1371.94
2011-12-16,1393.88
2011-12-19,1383.42
2011-12-20,1382.87
2011-12-21,1409.84
2011-12-22,1385.17
2011-12-23,1385.68
2011-12-26,1376.11
2011-12-27,1390.08
2011-12-28,1386.14
2011-12-29,1383.09
2011-12-30,1387.05
2012-01-03,1402.25
2012-01-04,1444.76
2012-01-05,1447.59
2012-01-06,1434.9
2012-01-09,1440.6
2012-01-10,1448.36
2012-01-11,1476.86
2012-01-12,1465.46
2012-01-13,1464.52
2012-01-16,1463.44
2012-01-17,1464.7
2012-01-18,1486.36
2012-01-19,1493.66
2012-01-20,1503.71
2012-01-23,1491.05
2012-01-24,1499.29
2012-01-25,1488.7
2012-01-26,1498.8
2012-01-27,1514.72
2012-01-30,1508.04
2012-01-31,1496.24
2012-02-01,1514.02
2012-02-02,1539.36
2012-02-03,1542.44
2012-02-06,1564.82
2012-02-07,1562.87
2012-02-08,1549.47
2012-02-09,1555.09
2012-02-10,1541.7
2012-02-13,1525.21
2012-02-14,1559.21
2012-02-15,1562.13
2012-02-16,1579.4
2012-02-17,1570.36
2012-02-20,1568.54
2012-02-21,1579.19
2012-02-22,1558.91
2012-02-24,1538.17
2012-02-27,1594.5
2012-02-28,1592.67
2012-02-29,1574.1
2012-03-01,1597.67
2012-03-02,1595.78
2012-03-05,1608.08
2012-03-06,1625.72
2012-03-07,1562.19
2012-03-11,1572.74
2012-03-12,1606.37
2012-03-13,1604.26
2012-03-14,1611.88
2012-03-15,1631.15
2012-03-16,1626.63
2012-03-19,1618.99
2012-03-20,1586.41
2012-03-21,1558.65
2012-03-22,1551.76
2012-03-23,1529.51
2012-03-26,1540.39
2012-03-27,1565.12
2012-03-28,1554.38
2012-03-29,1520.37
2012-03-30,1494.86
2012-04-02,1517.33
2012-04-03,1521.9
2012-04-04,1550.04
2012-04-05,1512.88
2012-04-06,1525.1
2012-04-09,1497.19
2012-04-10,1510.51
2012-04-11,1498.08
2012-04-12,1505.77
2012-04-13,1501.63
2012-04-16,1502.67
2012-04-17,1477.75
2012-04-18,1471.61
2012-04-19,1468.55
2012-04-20,1496.6
2012-04-23,1505.1
2012-04-24,1466.27
2012-04-25,1457.42
2012-04-26,1461.85
2012-04-27,1447.06
2012-04-28,1469.65
2012-05-02,1473.5
2012-05-03,1446.04
2012-05-04,1442.73
2012-05-05,1391.14
2012-05-07,1386.41
2012-05-08,1385.14
2012-05-10,1384.02
2012-05-11,1408.31
2012-05-12,1392.0
2012-05-14,1385.81
2012-05-15,1337.42
2012-05-16,1344.76
2012-05-17,1335.08
2012-05-18,1287.79
2012-05-21,1271.28
2012-05-22,1298.4
2012-05-23,1301.02
2012-05-24,1256.55
2012-05-25,1284.48
2012-05-28,1281.61
2012-05-29,1290.72
2012-05-30,1327.08
2012-05-31,1308.3
2012-06-01,1306.43
2012-06-04,1298.08
2012-06-05,1305.86
2012-06-06,1297.04
2012-06-07,1313.21
2012-06-08,1336.38
2012-06-09,1332.92
2012-06-13,1338.07
2012-06-14,1346.43
2012-06-15,1346.04
2012-06-18,1375.21
2012-06-19,1389.12
2012-06-20,1389.97
2012-06-21,1374.69
2012-06-22,1363.58
2012-06-25,1347.16
2012-06-26,1330.15
2012-06-27,1342.82
2012-06-28,1365.93
2012-06-29,1342.91
2012-07-02,1387.52
2012-07-03,1402.74
2012-07-04,1437.19
2012-07-05,1444.3
2012-07-06,1435.75
2012-07-09,1414.29
2012-07-10,1414.64
2012-07-11,1422.58
2012-07-12,1405.15
2012-07-13,1394.3
2012-07-16,1416.48
2012-07-17,1422.03
2012-07-18,1430.17
2012-07-19,1426.29
2012-07-20,1434.49
2012-07-23,1415.38
2012-07-24,1372.95
2012-07-25,1365.75
2012-07-26,1367.67
2012-07-27,1384.06
2012-07-30,1406.3
2012-07-31,1428.62
2012-08-01,1407.01
2012-08-02,1411.85
2012-08-03,1395.31
2012-08-06,1421.22
2012-08-07,1439.34
2012-08-08,1450.81
2012-08-09,1449.49
2012-08-10,1456.41
2012-08-13,1441.88
2012-08-14,1452.42
2012-08-15,1462.57
2012-08-16,1448.34
2012-08-17,1451.85
2012-08-20,1444.26
2012-08-21,1428.75
2012-08-22,1454.48
2012-08-23,1446.81
2012-08-24,1453.5
2012-08-27,1454.08
2012-08-28,1448.55
2012-08-29,1450.81
2012-08-30,1437.12
2012-08-31,1429.82
2012-09-03,1422.9
2012-09-04,1439.31
2012-09-05,1436.46
2012-09-06,1421.62
2012-09-07,1455.07
2012-09-10,1474.58
2012-09-11,1478.83
2012-09-12,1478.05
2012-09-13,1478.51
2012-09-14,1472.6
2012-09-17,1535.38
2012-09-18,1530.37
2012-09-19,1515.3
2012-09-20,1499.15
2012-09-21,1499.29
2012-09-24,1496.63
2012-09-25,1489.92
2012-09-26,1482.61
2012-09-27,1445.39
2012-09-28,1453.11
2012-10-01,1458.3
2012-10-02,1490.21
2012-10-03,1485.61
2012-10-04,1472.5
2012-10-05,1456.71
2012-10-08,1477.6
2012-10-09,1473.61
2012-10-10,1472.94
2012-10-11,1460.91
2012-10-12,1463.15
2012-10-15,1446.01
2012-10-16,1443.42
2012-10-17,1456.07
2012-10-18,1474.29
2012-10-19,1475.28
2012-10-22,1460.04
2012-10-23,1474.91
2012-10-24,1455.31
2012-10-25,1451.61
2012-10-26,1446.0
2012-10-29,1433.51
2012-10-30,1431.9
2012-10-31,1421.74
2012-11-01,1425.71
2012-11-02,1430.92
2012-11-06,1440.25
2012-11-07,1446.39
2012-11-08,1423.36
2012-11-09,1407.79
2012-11-12,1401.19
2012-11-13,1407.9
2012-11-14,1373.84
2012-11-15,1372.19
2012-11-16,1386.25
2012-11-19,1383.65
2012-11-20,1398.57
2012-11-21,1396.39
2012-11-22,1405.7
2012-11-23,1402.64
2012-11-26,1413.15
2012-11-27,1403.94
2012-11-28,1394.85
2012-11-29,1380.94
2012-11-30,1388.31
2012-12-03,1405.97
2012-12-04,1421.94
2012-12-05,1411.84
2012-12-06,1435.96
2012-12-07,1438.54
2012-12-10,1441.47
2012-12-11,1447.72
2012-12-12,1448.36
2012-12-13,1466.5
2012-12-14,1462.87
2012-12-17,1466.16
2012-12-18,1469.53
2012-12-19,1481.54
2012-12-20,1478.81
2012-12-21,1487.99
2012-12-24,1477.44
2012-12-25,1471.73
2012-12-26,1473.53
2012-12-27,1478.61
2012-12-28,1478.22
2013-01-08,1474.73
2013-01-09,1514.82
2013-01-10,1516.01
2013-01-11,1507.16
2013-01-14,1510.84
2013-01-15,1528.48
2013-01-16,1515.25
2013-01-17,1514.86
2013-01-18,1523.74
2013-01-21,1540.57
2013-01-22,1537.68
2013-01-23,1525.28
2013-01-24,1537.44
2013-01-25,1533.77
2013-01-28,1544.02
2013-01-29,1562.93
2013-01-30,1549.75
2013-01-31,1543.43
2013-02-01,1546.52
2013-02-04,1547.22
2013-02-05,1535.37
2013-02-06,1540.39
2013-02-07,1530.38
2013-02-08,1526.12
2013-02-11,1519.93
2013-02-12,1515.87
2013-02-13,1512.03
2013-02-14,1537.93
2013-02-15,1519.22
2013-02-18,1508.19
2013-02-19,1510.33
2013-02-20,1522.69
2013-02-21,1511.4
2013-02-22,1493.71
2013-02-25,1496.61
2013-02-26,1503.75
2013-02-27,1484.67
2013-02-28,1487.17
2013-03-01,1486.06
2013-03-04,1473.54
2013-03-05,1463.98
2013-03-06,1485.04
2013-03-07,1491.99
2013-03-11,1491.14
2013-03-12,1503.98
2013-03-13,1501.41
2013-03-14,1495.73
2013-03-15,1498.83
2013-03-18,1495.71
2013-03-19,1461.88
2013-03-20,1448.84
2013-03-21,1458.24
2013-03-22,1459.17
2013-03-25,1441.26
2013-03-26,1427.99
2013-03-27,1416.78
2013-03-28,1424.56
2013-03-29,1434.88
2013-04-01,1438.84
2013-04-02,1428.29
2013-04-03,1430.3
2013-04-04,1427.42
2013-04-05,1426.61
2013-04-08,1417.28
2013-04-09,1408.81
2013-04-10,1425.79
2013-04-11,1425.19
2013-04-12,1400.92
2013-04-15,1385.62
2013-04-16,1358.23
2013-04-17,1353.41
2013-04-18,1335.91
2013-04-19,1335.57
2013-04-22,1338.67
2013-04-23,1337.22
2013-04-24,1339.51
2013-04-25,1377.33
2013-04-26,1372.5
2013-04-29,1373.57
2013-04-30,1363.38
2013-05-02,1385.88
2013-05-03,1377.45
2013-05-06,1408.03
2013-05-07,1413.02
2013-05-08,1430.12
2013-05-10,1431.31
2013-05-13,1426.25
2013-05-14,1414.79
2013-05-15,1405.65
2013-05-16,1392.54
2013-05-17,1373.53
2013-05-20,1401.43
2013-05-21,1406.94
2013-05-22,1423.11
2013-05-23,1448.56
2013-05-24,1397.75
2013-05-27,1380.92
2013-05-28,1378.25
2013-05-29,1397.54
2013-05-30,1361.16
2013-05-31,1362.0
2013-06-03,1350.17
2013-06-04,1337.52
2013-06-05,1341.33
2013-06-06,1326.73
2013-06-07,1316.32
2013-06-10,1343.9
2013-06-11,1335.25
2013-06-13,1302.52
2013-06-14,1282.46
2013-06-17,1300.02
2013-06-18,1325.09
2013-06-19,1334.66
2013-06-20,1323.55
2013-06-21,1297.01
2013-06-24,1298.41
2013-06-25,1289.76
2013-06-26,1297.59
2013-06-27,1320.39
2013-06-28,1314.68
2013-07-01,1330.46
2013-07-02,1334.44
2013-07-03,1338.28
2013-07-04,1333.4
2013-07-05,1348.94
2013-07-08,1343.25
2013-07-09,1349.8
2013-07-10,1345.48
2013-07-11,1333.12
2013-07-12,1368.11
2013-07-15,1396.38
2013-07-16,1403.43
2013-07-17,1409.21
2013-07-18,1431.3
2013-07-19,1417.47
2013-07-22,1421.67
2013-07-23,1415.48
2013-07-24,1418.33
2013-07-25,1408.42
2013-07-26,1401.94
2013-07-29,1403.31
2013-07-30,1398.24
2013-07-31,1387.31
2013-08-01,1376.31
2013-08-02,1398.75
2013-08-05,1391.79
2013-08-06,1391.54
2013-08-07,1364.31
2013-08-08,1364.4
2013-08-09,1360.82
2013-08-12,1382.74
2013-08-13,1387.9
2013-08-14,1408.73
2013-08-15,1424.17
2013-08-16,1392.98
2013-08-19,1380.56
2013-08-20,1381.98
2013-08-21,1376.82
2013-08-22,1375.49
2013-08-23,1397.54
2013-08-26,1392.42
2013-08-27,1387.21
2013-08-28,1374.27
2013-08-29,1369.64
2013-08-30,1372.02
2013-09-02,1364.75
2013-09-03,1366.99
2013-09-04,1372.98
2013-09-05,1375.66
2013-09-06,1421.86
2013-09-09,1423.4
2013-09-10,1451.54
2013-09-11,1452.52
2013-09-12,1454.21
2013-09-13,1450.66
2013-09-16,1441.06
2013-09-17,1470.71
2013-09-18,1472.17
2013-09-19,1464.35
2013-09-20,1486.49
2013-09-23,1476.69
2013-09-24,1466.41
2013-09-25,1464.72
2013-09-26,1479.59
2013-09-27,1483.99
2013-09-30,1472.23
2013-10-01,1462.82
2013-10-02,1472.45
2013-10-03,1454.53
2013-10-04,1456.51
2013-10-07,1474.45
2013-10-08,1480.2
2013-10-09,1503.44
2013-10-10,1499.22
2013-10-11,1516.8
2013-10-14,1511.81
2013-10-15,1510.2
2013-10-16,1530.17
2013-10-17,1531.57
2013-10-18,1512.32
2013-10-21,1535.22
2013-10-22,1535.27
2013-10-23,1526.4
2013-10-24,1506.87
2013-10-25,1501.94
2013-10-28,1504.7
2013-10-29,1511.51
2013-10-30,1516.3
2013-10-31,1516.0
2013-11-01,1509.58
2013-11-05,1515.15
2013-11-06,1507.07
2013-11-07,1499.95
2013-11-08,1508.61
2013-11-11,1488.89
2013-11-12,1485.45
2013-11-13,1499.0
2013-11-14,1466.82
2013-11-15,1489.4
2013-11-18,1494.53
2013-11-19,1510.72
2013-11-20,1511.16
2013-11-21,1506.62
2013-11-22,1494.1
2013-11-25,1504.21
2013-11-26,1502.89
2013-11-27,1484.6
2013-11-28,1475.16
2013-11-29,1480.08
2013-12-02,1479.32
2013-12-03,1473.56
2013-12-04,1450.22
2013-12-05,1437.77
2013-12-06,1429.25
2013-12-09,1448.67
2013-12-10,1465.7
2013-12-11,1464.14
2013-12-12,1465.25
2013-12-13,1449.74
2013-12-16,1452.63
2013-12-17,1469.57
2013-12-18,1480.09
2013-12-19,1488.21
2013-12-20,1499.17
2013-12-23,1497.31
2013-12-24,1506.89
2013-12-25,1506.41
2013-12-26,1501.1
2013-12-27,1501.83
2013-12-30,1496.27
2014-01-06,1504.14
2014-01-08,1465.99
2014-01-09,1462.67
2014-01-10,1465.74
2014-01-13,1469.19
2014-01-14,1477.59
2014-01-15,1469.76
2014-01-16,1486.37
2014-01-17,1480.63
2014-01-20,1485.75
2014-01-21,1495.92
2014-01-22,1503.6
2014-01-23,1498.73
2014-01-24,1496.9
2014-01-27,1494.18
2014-01-28,1477.91
2014-01-29,1468.35
2014-01-30,1463.05
2014-01-31,1463.6
2014-02-03,1453.55
2014-02-04,1442.52
2014-02-05,1442.02
2014-02-06,1456.0
2014-02-07,1465.18
2014-02-10,1478.22
2014-02-11,1475.83
2014-02-12,1484.42
2014-02-13,1496.07
2014-02-14,1478.77
2014-02-17,1494.38
2014-02-18,1507.81
2014-02-19,1504.02
2014-02-20,1485.48
2014-02-21,1481.85
2014-02-24,1487.51
2014-02-25,1489.59
2014-02-26,1478.9
2014-02-27,1469.93
2014-02-28,1448.78
2014-03-03,1438.02
2014-03-04,1288.78
2014-03-05,1356.27
2014-03-06,1351.5
2014-03-07,1337.5
2014-03-11,1338.5
2014-03-12,1307.08
2014-03-13,1274.24
2014-03-14,1248.29
2014-03-17,1237.52
2014-03-18,1285.53
2014-03-19,1335.84
2014-03-20,1316.67
2014-03-21,1320.12
2014-03-24,1307.34
2014-03-25,1297.9
2014-03-26,1324.51
2014-03-27,1347.83
2014-03-28,1333.01
2014-03-31,1344.15
2014-04-01,1369.32
2014-04-02,1375.97
2014-04-03,1373.57
2014-04-04,1366.43
2014-04-07,1380.15
2014-04-08,1349.85
2014-04-09,1353.18
2014-04-10,1348.77
2014-04-11,1367.65
2014-04-14,1362.04
2014-04-15,1344.18
2014-04-16,1310.98
2014-04-17,1322.67
2014-04-18,1330.57
2014-04-21,1356.48
2014-04-22,1345.0
2014-04-23,1335.65
2014-04-24,1329.1
2014-04-25,1300.53
2014-04-28,1278.12
2014-04-29,1300.83
2014-04-30,1304.76
2014-05-02,1304.93
2014-05-05,1302.99
2014-05-06,1299.07
2014-05-07,1316.74
2014-05-08,1364.29
2014-05-12,1372.09
2014-05-13,1375.56
2014-05-14,1385.27
2014-05-15,1388.68
2014-05-16,1381.44
2014-05-19,1392.51
2014-05-20,1413.86
2014-05-21,1425.57
2014-05-22,1440.79
2014-05-23,1430.54
2014-05-26,1439.15
2014-05-27,1449.38
2014-05-28,1417.38
2014-05-29,1426.69
2014-05-30,1447.76
2014-06-02,1432.67
2014-06-03,1463.62
2014-06-04,1472.06
2014-06-05,1476.06
2014-06-06,1470.73
2014-06-09,1485.27
2014-06-10,1485.24
2014-06-11,1490.8
2014-06-16,1501.17
2014-06-17,1494.08
2014-06-18,1486.47
2014-06-19,1494.99
2014-06-20,1494.87
2014-06-23,1486.33
2014-06-24,1487.1
2014-06-25,1517.62
2014-06-26,1482.13
2014-06-27,1473.31
2014-06-30,1477.29
2014-07-01,1476.28
2014-07-02,1482.91
2014-07-03,1514.66
2014-07-04,1515.53
2014-07-07,1489.55
2014-07-08,1513.76
2014-07-09,1516.29
2014-07-10,1513.37
2014-07-11,1495.01
2014-07-14,1500.29
2014-07-15,1482.23
2014-07-16,1475.68
2014-07-17,1470.83
2014-07-18,1440.54
2014-07-21,1422.53
2014-07-22,1386.14
2014-07-23,1406.5
2014-07-24,1405.58
2014-07-25,1408.19
2014-07-28,1387.12
2014-07-29,1361.22
2014-07-30,1368.72
2014-07-31,1383.04
2014-08-01,1378.03
2014-08-04,1375.73
2014-08-05,1379.5
2014-08-06,1357.33
2014-08-07,1333.39
2014-08-08,1332.26
2014-08-11,1350.42
2014-08-12,1372.94
2014-08-13,1373.64
2014-08-14,1399.07
2014-08-15,1407.57
2014-08-18,1418.05
2014-08-19,1425.18
2014-08-20,1437.58
2014-08-21,1447.12
2014-08-22,1461.79
2014-08-25,1446.86
2014-08-26,1454.47
2014-08-27,1444.28
2014-08-28,1447.54
2014-08-29,1423.56
2014-09-01,1401.34
2014-09-02,1392.27
2014-09-03,1400.44
2014-09-04,1449.51
2014-09-05,1456.0
2014-09-08,1474.38
2014-09-09,1465.13
2014-09-10,1466.99
2014-09-11,1469.4
2014-09-12,1449.4
2014-09-15,1457.87
2014-09-16,1454.13
2014-09-17,1477.09
2014-09-18,1449.37
2014-09-19,1448.19
2014-09-22,1431.12
2014-09-23,1413.57
2014-09-24,1429.97
2014-09-25,1443.03
2014-09-26,1435.09
2014-09-29,1434.99
2014-09-30,1409.07
2014-10-01,1410.33
2014-10-02,1399.21
2014-10-03,1377.65
2014-10-06,1385.97
2014-10-07,1418.15
2014-10-08,1403.56
2014-10-09,1379.89
2014-10-10,1382.17
2014-10-13,1364.11
2014-10-14,1383.69
2014-10-15,1393.66
2014-10-16,1377.43
2014-10-17,1362.06
2014-10-20,1385.26
2014-10-21,1375.82
2014-10-22,1384.16
2014-10-23,1373.43
2014-10-24,1372.4
2014-10-27,1381.95
2014-10-28,1394.75
2014-10-29,1415.53
2014-10-30,1438.8
2014-10-31,1453.89
2014-11-03,1488.15
2014-11-05,1490.66
2014-11-06,1495.47
2014-11-07,1496.51
2014-11-10,1498.62
2014-11-11,1515.08
2014-11-12,1514.85
2014-11-13,1514.19
2014-11-14,1491.75
2014-11-17,1500.69
2014-11-18,1506.78
2014-11-19,1519.69
2014-11-20,1518.1
2014-11-21,1530.46
2014-11-24,1539.95
2014-11-25,1529.62
2014-11-26,1528.83
2014-11-27,1537.0
2014-11-28,1531.34
2014-12-01,1532.89
2014-12-02,1578.4
2014-12-03,1583.62
2014-12-04,1606.75
2014-12-05,1581.89
2014-12-08,1529.73
2014-12-09,1481.49
2014-12-10,1475.93
2014-12-11,1486.89
2014-12-12,1453.8
2014-12-15,1459.25
2014-12-16,1424.72
2014-12-17,1445.53
2014-12-18,1417.41
2014-12-19,1477.36
2014-12-22,1452.95
2014-12-23,1437.08
2014-12-24,1398.2
2014-12-25,1401.47
2014-12-26,1409.02
2014-12-29,1417.53
2014-12-30,1429.68
2015-01-05,1394.66
2015-01-06,1435.39
2015-01-08,1482.12
2015-01-09,1547.61
2015-01-12,1515.23
2015-01-13,1513.21
2015-01-14,1531.65
2015-01-15,1556.96
2015-01-16,1563.21
2015-01-19,1590.54
2015-01-20,1576.47
2015-01-21,1570.59
2015-01-22,1618.68
2015-01-23,1667.99
2015-01-26,1670.23
2015-01-27,1642.31
2015-01-28,1675.3
2015-01-29,1647.11
2015-01-30,1640.56
2015-02-02,1647.74
2015-02-03,1626.65
2015-02-04,1655.5
2015-02-05,1654.97
2015-02-06,1696.96
2015-02-09,1755.7
2015-02-10,1748.02
2015-02-11,1744.86
2015-02-12,1764.24
2015-02-13,1802.88
2015-02-16,1838.21
2015-02-17,1800.92
2015-02-18,1795.83
2015-02-19,1809.67
2015-02-20,1797.88
2015-02-24,1786.49
2015-02-25,1772.4
2015-02-26,1746.79
2015-02-27,1760.67
2015-03-02,1759.25
2015-03-03,1783.44
2015-03-04,1807.71
2015-03-05,1760.67
2015-03-06,1761.29
2015-03-10,1726.86
2015-03-11,1665.41
2015-03-12,1671.71
2015-03-13,1664.59
2015-03-16,1626.77
2015-03-17,1609.96
2015-03-18,1611.74
2015-03-19,1634.77
2015-03-20,1607.97
2015-03-23,1629.29
2015-03-24,1602.33
2015-03-25,1618.62
2015-03-26,1615.54
2015-03-27,1581.84
2015-03-30,1571.77
2015-03-31,1612.93
2015-04-01,1625.21
2015-04-02,1661.9
2015-04-03,1679.61
2015-04-06,1681.8
2015-04-07,1700.64
2015-04-08,1695.51
2015-04-09,1683.1
2015-04-10,1667.62
2015-04-13,1657.1
2015-04-14,1678.43
2015-04-15,1647.29
2015-04-16,1678.04
2015-04-17,1686.79
2015-04-20,1657.63
2015-04-21,1683.51
2015-04-22,1710.13
2015-04-23,1677.89
2015-04-24,1663.15
2015-04-27,1682.82
2015-04-28,1676.32
2015-04-29,1677.89
2015-04-30,1670.99
2015-05-05,1689.55
2015-05-06,1722.16
2015-05-07,1713.09
2015-05-08,1686.94
2015-05-12,1708.42
2015-05-13,1704.5
2015-05-14,1682.26
2015-05-15,1677.77
2015-05-18,1691.53
2015-05-19,1678.31
2015-05-20,1659.18
2015-05-21,1637.14
2015-05-22,1659.47
2015-05-25,1665.75
2015-05-26,1655.85
2015-05-27,1651.73
2015-05-28,1660.65
2015-05-29,1657.67
2015-06-01,1610.07
2015-06-02,1616.97
2015-06-03,1643.99
2015-06-04,1628.8
2015-06-05,1638.12
2015-06-08,1652.21
2015-06-09,1646.89
2015-06-10,1664.03
2015-06-11,1653.06
2015-06-15,1652.29
2015-06-16,1657.37
2015-06-17,1668.84
2015-06-18,1664.65
2015-06-19,1660.56
2015-06-22,1664.11
2015-06-23,1672.27
2015-06-24,1658.03
2015-06-25,1651.14
2015-06-26,1631.92
2015-06-29,1644.45
2015-06-30,1634.93
2015-07-01,1654.57
2015-07-02,1639.78
2015-07-03,1641.01
2015-07-06,1627.71
2015-07-07,1621.35
2015-07-08,1614.14
2015-07-09,1595.08
2015-07-10,1615.11
2015-07-13,1618.23
2015-07-14,1643.0
2015-07-15,1638.3
2015-07-16,1640.81
2015-07-17,1652.52
2015-07-20,1650.09
2015-07-21,1627.19
2015-07-22,1634.89
2015-07-23,1634.79
2015-07-24,1615.69
2015-07-27,1595.5
2015-07-28,1584.92
2015-07-29,1604.56
2015-07-30,1622.69
2015-07-31,1636.72
2015-08-03,1668.13
2015-08-04,1663.31
2015-08-05,1674.63
2015-08-06,1693.07
2015-08-07,1676.75
2015-08-10,1690.47
2015-08-11,1702.02
2015-08-12,1697.9
2015-08-13,1697.59
2015-08-14,1704.14
2015-08-17,1712.48
2015-08-18,1707.95
2015-08-19,1691.29
2015-08-20,1673.96
2015-08-21,1695.48
2015-08-24,1659.31
2015-08-25,1634.35
2015-08-26,1658.32
2015-08-27,1661.0
2015-08-28,1695.23
2015-08-31,1718.06
2015-09-01,1732.9
2015-09-02,1697.98
2015-09-03,1690.83
2015-09-04,1710.58
2015-09-07,1698.16
2015-09-08,1701.82
2015-09-09,1715.73
2015-09-10,1722.05
2015-09-11,1718.88
2015-09-14,1717.6
2015-09-15,1729.91
2015-09-16,1716.27
2015-09-17,1731.81
2015-09-18,1730.15
2015-09-21,1710.87
2015-09-22,1699.92
2015-09-23,1664.27
2015-09-24,1640.7
2015-09-25,1621.44
2015-09-28,1639.64
2015-09-29,1616.36
2015-09-30,1630.53
2015-10-01,1644.52
2015-10-02,1627.07
2015-10-05,1612.71
2015-10-06,1652.49
2015-10-07,1670.68
2015-10-08,1679.36
2015-10-09,1690.66
2015-10-12,1728.43
2015-10-13,1710.6
2015-10-14,1720.8
2015-10-15,1722.84
2015-10-16,1731.9
2015-10-19,1717.09
2015-10-20,1716.15
2015-10-21,1722.7
2015-10-22,1709.93
2015-10-23,1713.65
2015-10-26,1725.51
2015-10-27,1712.23
2015-10-28,1725.91
2015-10-29,1725.9
2015-10-30,1708.51
2015-11-02,1710.9
2015-11-03,1735.76
2015-11-05,1764.94
2015-11-06,1766.18
2015-11-09,1754.19
2015-11-10,1751.45
2015-11-11,1747.02
2015-11-12,1739.29
2015-11-13,1739.84
2015-11-16,1728.12
2015-11-17,1740.98
2015-11-18,1787.11
2015-11-19,1811.89
2015-11-20,1810.03
2015-11-23,1826.87
2015-11-24,1868.08
2015-11-25,1810.02
2015-11-26,1833.97
2015-11-27,1828.32
2015-11-30,1794.25
2015-12-01,1771.05
2015-12-02,1773.49
2015-12-03,1770.1
2015-12-04,1786.55
2015-12-07,1756.11
2015-12-08,1740.64
2015-12-09,1719.84
2015-12-10,1732.65
2015-12-11,1732.9
2015-12-14,1720.37
2015-12-15,1708.89
2015-12-16,1743.03
2015-12-17,1754.74
2015-12-18,1779.42
2015-12-21,1719.44
2015-12-22,1716.92
2015-12-23,1718.65
2015-12-24,1747.86
2015-12-25,1743.77
2015-12-28,1734.21
2015-12-29,1728.23
2015-12-30,1763.71
2016-01-04,1761.42
2016-01-05,1734.55
2016-01-06,1753.75
2016-01-11,1748.04
2016-01-12,1682.72
2016-01-13,1692.48
2016-01-14,1684.77
2016-01-15,1680.81
2016-01-18,1607.88
2016-01-19,1622.53
2016-01-20,1641.62
2016-01-21,1630.57
2016-01-22,1683.75
2016-01-25,1718.25
2016-01-26,1716.86
2016-01-27,1705.1
2016-01-28,1747.63
2016-01-29,1772.01
2016-02-01,1785.01
2016-02-02,1771.37
2016-02-03,1757.9
2016-02-04,1745.21
2016-02-05,1786.7
2016-02-08,1780.26
2016-02-09,1744.17
2016-02-10,1722.5
2016-02-11,1729.42
2016-02-12,1711.6
2016-02-15,1726.08
2016-02-16,1738.89
2016-02-17,1753.86
2016-02-18,1770.3
2016-02-19,1805.82
2016-02-20,1793.68
2016-02-22,1790.46
2016-02-24,1811.08
2016-02-25,1802.37
2016-02-26,1815.99
2016-02-29,1811.53
2016-03-01,1841.43
2016-03-02,1853.32
2016-03-03,1836.07
2016-03-04,1863.15
2016-03-07,1883.38
2016-03-09,1899.19
2016-03-10,1885.97
2016-03-11,1886.85
2016-03-14,1877.23
2016-03-15,1871.79
2016-03-16,1858.01
2016-03-17,1876.61
2016-03-18,1892.81
2016-03-21,1905.96
2016-03-22,1905.76
2016-03-23,1900.09
2016-03-24,1872.88
2016-03-25,1869.6
2016-03-28,1871.93
2016-03-29,1849.11
2016-03-30,1853.35
2016-03-31,1865.1
2016-04-01,1860.53
2016-04-04,1854.37
2016-04-05,1859.51
2016-04-06,1863.3
2016-04-07,1865.97
2016-04-08,1860.93
2016-04-11,1875.74
2016-04-12,1907.56
2016-04-13,1903.47
2016-04-14,1929.87
2016-04-15,1914.19
2016-04-18,1888.97
2016-04-19,1895.28
2016-04-20,1923.94
2016-04-21,1971.75
2016-04-22,1952.33
2016-04-25,1962.67
2016-04-26,1953.86
2016-04-27,1951.51
2016-04-28,1936.05
2016-04-29,1970.46
2016-05-04,1932.92
2016-05-05,1924.28
2016-05-06,1905.15
2016-05-10,1896.02
2016-05-11,1890.09
2016-05-12,1912.43
2016-05-13,1901.51
2016-05-16,1912.16
2016-05-17,1913.25
2016-05-18,1907.15
2016-05-19,1907.71
2016-05-20,1901.27
2016-05-23,1889.11
2016-05-24,1868.7
2016-05-25,1889.42
2016-05-26,1905.81
2016-05-27,1913.18
2016-05-30,1931.07
2016-05-31,1937.13
2016-06-01,1899.14
2016-06-02,1895.27
2016-06-03,1896.95
2016-06-06,1893.05
2016-06-07,1917.96
2016-06-08,1953.75
2016-06-09,1951.8
2016-06-10,1926.91
2016-06-14,1898.21
2016-06-15,1883.94
2016-06-16,1884.22
2016-06-17,1875.96
2016-06-20,1889.26
2016-06-21,1902.44
2016-06-22,1908.06
2016-06-23,1894.16
2016-06-24,1865.48
2016-06-27,1883.76
2016-06-28,1850.75
2016-06-29,1862.25
2016-06-30,1886.47
2016-07-01,1891.03
2016-07-04,1899.35
2016-07-05,1904.03
2016-07-06,1892.26
2016-07-07,1887.12
2016-07-08,1873.49
2016-07-11,1891.05
2016-07-12,1913.84
2016-07-13,1937.35
2016-07-14,1938.54
2016-07-15,1931.66
2016-07-18,1937.77
2016-07-19,1921.12
2016-07-20,1915.49
2016-07-21,1920.01
2016-07-22,1923.8
2016-07-25,1929.93
2016-07-26,1932.54
2016-07-27,1938.64
2016-07-28,1938.01
2016-07-29,1952.82
2016-08-01,1950.49
2016-08-02,1946.31
2016-08-03,1913.14
2016-08-04,1924.97
2016-08-05,1946.66
2016-08-08,1948.51
2016-08-09,1954.05
2016-08-10,1956.33
2016-08-11,1941.32
2016-08-12,1955.16
2016-08-15,1969.96
2016-08-16,1977.76
2016-08-17,1971.49
2016-08-18,1971.26
2016-08-19,1972.89
2016-08-22,1956.46
2016-08-23,1976.07
2016-08-24,1988.08
2016-08-25,1983.22
2016-08-26,1984.68
2016-08-29,1985.99
2016-08-30,1989.03
2016-08-31,1985.84
2016-09-01,1976.26
2016-09-02,1978.16
2016-09-05,2008.69
2016-09-06,2020.77
2016-09-07,2042.21
2016-09-08,2058.73
2016-09-09,2044.93
2016-09-12,2017.08
2016-09-13,2020.6
2016-09-14,2003.74
2016-09-15,2003.2
2016-09-16,1998.14
2016-09-19,1984.46
2016-09-20,1984.97
2016-09-21,1995.13
2016-09-22,2007.12
2016-09-23,2022.28
2016-09-26,2003.48
2016-09-27,1999.93
2016-09-28,1977.35
2016-09-29,1996.99
2016-09-30,1989.43
2016-10-03,1981.02
2016-10-04,1987.61
2016-10-05,1985.05
2016-10-06,1975.26
2016-10-07,1985.04
2016-10-10,1981.11
2016-10-11,2000.46
2016-10-12,1999.6
2016-10-13,1990.39
2016-10-14,1976.34
2016-10-17,1964.66
2016-10-18,1958.28
2016-10-19,1971.9
2016-10-20,1967.52
2016-10-21,1957.63
2016-10-24,1960.97
2016-10-25,1965.63
2016-10-26,1975.36
2016-10-27,1975.16
2016-10-28,1979.87
2016-10-31,1984.24
2016-11-01,1991.7
2016-11-02,1989.37
2016-11-03,1970.97
2016-11-07,1964.59
2016-11-08,1959.79
2016-11-09,1941.89
2016-11-10,2017.69
2016-11-11,2045.22
2016-11-14,2034.97
2016-11-15,2025.01
2016-11-16,2024.71
2016-11-17,2029.85
2016-11-18,2042.23
2016-11-21,2044.2
2016-11-22,2062.98
2016-11-23,2069.18
2016-11-24,2086.56
2016-11-25,2101.47
2016-11-28,2098.33
2016-11-29,2092.13
2016-11-30,2087.81
2016-12-01,2110.69
2016-12-02,2121.12
2016-12-05,2126.93
2016-12-06,2159.25
2016-12-07,2154.02
2016-12-08,2168.4
2016-12-09,2211.29
2016-12-12,2219.13
2016-12-13,2225.74
2016-12-14,2248.22
2016-12-15,2217.16
2016-12-16,2239.08
2016-12-19,2233.99
2016-12-20,2215.31
2016-12-21,2227.31
2016-12-22,2203.8
2016-12-23,2173.62
2016-12-26,2172.86
2016-12-27,2173.8
2016-12-28,2191.17
2016-12-29,2182.3
2016-12-30,2206.04
2017-01-03,2231.52
2017-01-04,2284.61
2017-01-05,2265.72
2017-01-06,2221.36
2017-01-09,2217.74
2017-01-10,2209.53
2017-01-11,2233.62
2017-01-12,2224.02
2017-01-13,2214.24
2017-01-16,2195.67
2017-01-17,2189.95
2017-01-18,2180.64
2017-01-19,2171.45
2017-01-20,2162.71
2017-01-23,2160.13
2017-01-24,2147.51
2017-01-25,2175.4
2017-01-26,2179.34
2017-01-27,2226.87
2017-01-30,2263.63
2017-01-31,2233.66
2017-02-01,2219.19
2017-02-02,2231.66
2017-02-03,2219.49
2017-02-06,2228.85
2017-02-07,2210.87
2017-02-08,2215.34
2017-02-09,2192.24
2017-02-10,2176.79
2017-02-13,2165.12
2017-02-14,2162.13
2017-02-15,2140.2
2017-02-16,2138.7
2017-02-17,2148.58
2017-02-20,2132.47
2017-02-21,2118.85
2017-02-22,2128.98
2017-02-24,2106.96
2017-02-27,2095.51
2017-02-28,2057.74
2017-03-01,2034.28
2017-03-02,2062.61
2017-03-03,2046.61
2017-03-06,2056.63
2017-03-07,2047.59
2017-03-09,2010.85
2017-03-10,1977.75
2017-03-13,1972.66
2017-03-14,2001.4
2017-03-15,2003.09
2017-03-16,2001.82
2017-03-17,2015.59
2017-03-20,2038.99
2017-03-21,2045.19
2017-03-22,2042.65
2017-03-23,2065.37
2017-03-24,2047.78
2017-03-27,2034.1
2017-03-28,2016.95
2017-03-29,2032.49
2017-03-30,2025.0
2017-03-31,2021.16
2017-04-03,1998.55
2017-04-04,2007.9
2017-04-05,2028.71
2017-04-06,2052.05
2017-04-07,2046.78
2017-04-10,2017.75
2017-04-11,1969.12
2017-04-12,1985.69
2017-04-13,1954.39
2017-04-14,1943.65
2017-04-17,1917.13
2017-04-18,1944.28
2017-04-19,1920.19
2017-04-20,1912.7
2017-04-21,1932.82
2017-04-24,1954.31
2017-04-25,1983.23
2017-04-26,2000.8
2017-04-27,2024.49
2017-04-28,2021.74
2017-05-02,2022.19
2017-05-03,2024.4
2017-05-04,1994.16
2017-05-05,1989.88
2017-05-10,2012.84
2017-05-11,2028.26
2017-05-12,2003.92
2017-05-15,1995.6
2017-05-16,2000.2
2017-05-17,1989.02
2017-05-18,1989.05
2017-05-19,1969.73
2017-05-22,1966.66
2017-05-23,1950.27
2017-05-24,1958.22
2017-05-25,1955.83
2017-05-26,1944.16
2017-05-29,1934.66
2017-05-30,1938.06
2017-05-31,1934.03
2017-06-01,1900.89
2017-06-02,1868.75
2017-06-05,1882.83
2017-06-06,1877.36
2017-06-07,1870.69
2017-06-08,1869.49
2017-06-09,1873.26
2017-06-13,1871.07
2017-06-14,1861.5
2017-06-15,1833.42
2017-06-16,1818.87
2017-06-19,1820.83
2017-06-20,1850.38
2017-06-21,1858.24
2017-06-22,1842.62
2017-06-23,1859.63
2017-06-26,1870.33
2017-06-27,1857.24
2017-06-28,1877.04
2017-06-29,1896.12
2017-06-30,1879.16
2017-07-03,1886.72
2017-07-04,1902.64
2017-07-05,1917.36
2017-07-06,1920.59
2017-07-07,1906.72
2017-07-10,1912.76
2017-07-11,1927.34
2017-07-12,1938.36
2017-07-13,1951.66
2017-07-14,1959.86
2017-07-17,1963.29
2017-07-18,1956.56
2017-07-19,1929.67
2017-07-20,1952.1
2017-07-21,1946.19
2017-07-24,1921.52
2017-07-25,1931.92
2017-07-26,1928.13
2017-07-27,1935.12
2017-07-28,1940.79
2017-07-31,1917.34
2017-08-01,1924.77
2017-08-02,1940.95
2017-08-03,1965.56
2017-08-04,1962.46
2017-08-07,1953.62
2017-08-08,1970.3
2017-08-09,1985.31
2017-08-10,1977.15
2017-08-11,1953.56
2017-08-14,1947.69
2017-08-15,1950.42
2017-08-16,1952.11
2017-08-17,1941.55
2017-08-18,1937.51
2017-08-21,1932.25
2017-08-22,1939.95
2017-08-23,1947.77
2017-08-24,1958.83
2017-08-25,1973.44
2017-08-28,1978.79
2017-08-29,1986.1
2017-08-30,1993.0
2017-08-31,2006.07
2017-09-01,2021.93
2017-09-04,2005.08
2017-09-05,2005.23
2017-09-06,2001.97
2017-09-07,2017.52
2017-09-08,2010.55
2017-09-11,2038.78
2017-09-12,2045.85
2017-09-13,2059.4
2017-09-14,2054.66
2017-09-15,2051.47
2017-09-18,2055.41
2017-09-19,2057.36
2017-09-20,2048.86
2017-09-21,2056.27
2017-09-22,2059.01
2017-09-25,2050.52
2017-09-26,2071.62
2017-09-27,2072.27
2017-09-28,2080.73
2017-09-29,2071.33
2017-10-02,2077.16
2017-10-03,2076.53
2017-10-04,2076.5
2017-10-05,2076.78
2017-10-06,2089.39
2017-10-09,2094.16
2017-10-10,2096.35
2017-10-11,2087.47
2017-10-12,2101.33
2017-10-13,2094.94
2017-10-16,2102.25
2017-10-17,2105.74
2017-10-18,2091.4
2017-10-19,2094.56
2017-10-20,2076.29
2017-10-23,2073.55
2017-10-24,2064.07
2017-10-25,2063.2
2017-10-26,2049.66
2017-10-27,2050.35
2017-10-30,2069.45
2017-10-31,2066.1
2017-11-01,2070.68
2017-11-02,2080.53
2017-11-03,2073.17
2017-11-07,2092.78
2017-11-08,2155.21
2017-11-09,2162.0
2017-11-10,2184.64
2017-11-13,2169.85
2017-11-14,2166.11
2017-11-15,2159.83
2017-11-16,2135.18
2017-11-17,2135.58
2017-11-20,2132.4
2017-11-21,2132.5
2017-11-22,2158.33
2017-11-23,2159.88
2017-11-24,2148.59
2017-11-27,2159.02
2017-11-28,2144.53
2017-11-29,2148.95
2017-11-30,2121.93
2017-12-01,2102.54
2017-12-04,2104.9
2017-12-05,2117.7
2017-12-06,2110.8
2017-12-07,2120.8
2017-12-08,2106.38
2017-12-11,2104.62
2017-12-12,2151.96
2017-12-13,2152.39
2017-12-14,2132.54
2017-12-15,2151.23
2017-12-18,2144.92
2017-12-19,2133.93
2017-12-20,2116.97
2017-12-21,2101.23
2017-12-22,2095.56
2017-12-25,2109.38
2017-12-26,2105.51
2017-12-27,2099.09
2017-12-28,2105.98
2017-12-29,2102.81
2018-01-03,2111.24
2018-01-04,2153.87
2018-01-05,2196.69
2018-01-09,2211.4
2018-01-10,2227.33
2018-01-11,2232.19
2018-01-12,2245.7
2018-01-15,2268.01
2018-01-16,2262.09
2018-01-17,2250.71
2018-01-18,2279.34
2018-01-19,2298.07
2018-01-22,2286.04
2018-01-23,2311.99
2018-01-24,2297.69
2018-01-25,2311.56
2018-01-26,2317.15
2018-01-29,2295.34
2018-01-30,2276.37
2018-01-31,2278.83
2018-02-01,2292.22
2018-02-02,2303.06
2018-02-05,2272.67
2018-02-06,2233.31
2018-02-07,2247.99
2018-02-08,2248.98
2018-02-09,2209.67
2018-02-12,2208.98
2018-02-13,2225.71
2018-02-14,2252.95
2018-02-15,2267.82
2018-02-16,2266.42
2018-02-19,2255.37
2018-02-20,2256.01
2018-02-21,2268.27
2018-02-22,2316.09
2018-02-26,2353.89
2018-02-27,2356.75
2018-02-28,2338.26
2018-03-01,2286.41
2018-03-02,2295.15
2018-03-05,2291.9
2018-03-06,2312.6
2018-03-07,2299.38
2018-03-09,2290.77
2018-03-12,2317.19
2018-03-13,2315.24
2018-03-14,2316.6
2018-03-15,2275.06
2018-03-16,2273.51
2018-03-19,2299.01
2018-03-20,2281.53
2018-03-21,2292.74
2018-03-22,2311.31
2018-03-23,2272.32
2018-03-26,2285.15
2018-03-27,2248.11
2018-03-28,2260.18
2018-03-29,2251.61
2018-03-30,2278.94
2018-04-02,2271.91
2018-04-03,2259.8
2018-04-04,2264.74
2018-04-05,2270.16
2018-04-06,2286.35
2018-04-09,2272.4
2018-04-10,2090.73
2018-04-11,2172.45
2018-04-12,2206.94
2018-04-13,2210.02
2018-04-16,2156.28
2018-04-17,2173.45
2018-04-18,2193.73
2018-04-19,2248.08
2018-04-20,2231.08
2018-04-23,2232.33
2018-04-24,2260.17
2018-04-25,2245.06
2018-04-26,2255.66
2018-04-27,2287.95
2018-04-28,2300.85
2018-04-30,2296.11
2018-05-02,2304.28
2018-05-03,2303.34
2018-05-04,2278.9
2018-05-07,2294.1
2018-05-08,2292.78
2018-05-10,2315.39
2018-05-11,2317.6
2018-05-14,2345.93
2018-05-15,2353.22
2018-05-16,2336.52
2018-05-17,2342.22
2018-05-18,2323.75
2018-05-21,2328.42
2018-05-22,2333.89
2018-05-23,2317.0
2018-05-24,2298.73
2018-05-25,2297.91
2018-05-28,2306.23
2018-05-29,2314.11
2018-05-30,2298.52
2018-05-31,2303.34
2018-06-01,2297.13
2018-06-04,2299.65
2018-06-05,2322.71
2018-06-06,2319.33
2018-06-07,2318.28
2018-06-08,2313.0
2018-06-09,2268.99
2018-06-11,2283.64
2018-06-13,2275.69
2018-06-14,2268.94
2018-06-15,2254.09
2018-06-18,2234.53
2018-06-19,2216.94
2018-06-20,2226.49
2018-06-21,2255.51
2018-06-22,2250.99
2018-06-25,2234.22
2018-06-26,2238.35
2018-06-27,2239.75
2018-06-28,2254.46
2018-06-29,2262.16
2018-07-02,2294.1
2018-07-03,2319.37
2018-07-04,2301.68
2018-07-05,2299.68
2018-07-06,2342.62
2018-07-09,2351.69
2018-07-10,2368.28
2018-07-11,2355.79
2018-07-12,2332.23
2018-07-13,2326.76
2018-07-16,2343.02
2018-07-17,2325.28
2018-07-18,2294.22
2018-07-19,2297.15
2018-07-20,2269.97
2018-07-23,2250.57
2018-07-24,2264.38
2018-07-25,2268.11
2018-07-26,2287.75
2018-07-27,2293.87
2018-07-30,2288.29
2018-07-31,2290.76
2018-08-01,2317.83
2018-08-02,2311.78
2018-08-03,2294.37
2018-08-06,2297.62
2018-08-07,2303.47
2018-08-08,2308.62
2018-08-09,2282.02
2018-08-10,2295.59
2018-08-13,2264.6
2018-08-14,2298.73
2018-08-15,2281.4
2018-08-16,2269.02
2018-08-17,2261.69
2018-08-20,2266.06
2018-08-21,2274.36
2018-08-22,2296.17
2018-08-23,2293.98
2018-08-24,2258.94
2018-08-27,2281.87
2018-08-28,2313.85
2018-08-29,2316.73
2018-08-30,2352.06
2018-08-31,2328.52
2018-09-03,2344.3
2018-09-04,2348.65
2018-09-05,2333.04
2018-09-06,2320.08
2018-09-07,2321.66
2018-09-10,2322.67
2018-09-11,2336.16
2018-09-12,2339.77
2018-09-13,2339.4
2018-09-14,2359.06
2018-09-17,2362.24
2018-09-18,2374.09
2018-09-19,2405.31
2018-09-20,2405.36
2018-09-21,2401.35
2018-09-24,2426.41
2018-09-25,2432.76
2018-09-26,2445.35
2018-09-27,2423.75
2018-09-28,2467.95
2018-10-01,2481.45
2018-10-02,2475.65
2018-10-03,2451.45
2018-10-04,2492.54
2018-10-05,2458.28
2018-10-08,2449.95
2018-10-09,2459.63
2018-10-10,2445.78
2018-10-11,2386.03
2018-10-12,2371.68
2018-10-15,2405.53
2018-10-16,2387.35
2018-10-17,2422.45
2018-10-18,2408.97
2018-10-19,2381.06
2018-10-22,2347.29
2018-10-23,2302.84
2018-10-24,2311.28
2018-10-25,2323.03
2018-10-26,2328.82
2018-10-29,2290.53
2018-10-30,2311.54
2018-10-31,2306.18
2018-11-01,2352.94
2018-11-02,2364.36
2018-11-06,2381.38
2018-11-07,2411.46
2018-11-08,2446.23
2018-11-09,2431.85
2018-11-12,2407.97
2018-11-13,2388.27
2018-11-14,2368.89
2018-11-15,2382.43
2018-11-16,2384.76
2018-11-19,2375.21
2018-11-20,2371.71
2018-11-21,2339.29
2018-11-22,2358.14
2018-11-23,2368.39
2018-11-26,2344.38
2018-11-27,2311.17
2018-11-28,2341.11
2018-11-29,2387.45
2018-11-30,2394.54
2018-12-03,2405.18
2018-12-04,2440.63
2018-12-05,2425.02
2018-12-06,2438.79
2018-12-07,2415.04
2018-12-10,2426.4
2018-12-11,2397.71
2018-12-12,2392.84
2018-12-13,2368.3
2018-12-14,2376.87
2018-12-17,2363.55
2018-12-18,2353.75
2018-12-19,2347.28
2018-12-20,2348.79
2018-12-21,2351.98
2018-12-24,2345.98
2018-12-25,2318.43
2018-12-26,2291.98
2018-12-27,2316.66
2018-12-28,2329.96
2018-12-29,2359.38
2019-01-03,2370.56
2019-01-04,2377.71
2019-01-08,2400.96
2019-01-09,2393.55
2019-01-10,2413.27
2019-01-11,2435.71
2019-01-14,2438.35
2019-01-15,2442.26
2019-01-16,2440.34
2019-01-17,2436.48
2019-01-18,2454.19
2019-01-21,2473.67
2019-01-22,2466.35
2019-01-23,2467.91
2019-01-24,2490.05
2019-01-25,2485.71
2019-01-28,2499.19
2019-01-29,2475.68
2019-01-30,2497.09
2019-01-31,2517.89
2019-02-01,2520.08
2019-02-04,2523.04
2019-02-05,2524.35
2019-02-06,2547.53
2019-02-07,2537.41
2019-02-08,2508.85
2019-02-11,2503.88
2019-02-12,2510.91
2019-02-13,2534.57
2019-02-14,2468.31
2019-02-15,2465.02
2019-02-18,2489.79
2019-02-19,2471.17
2019-02-20,2462.15
2019-02-21,2488.44
2019-02-22,2470.75
2019-02-25,2491.54
2019-02-26,2488.43
2019-02-27,2495.52
2019-02-28,2489.09
2019-03-01,2487.44
2019-03-04,2478.91
2019-03-05,2472.19
2019-03-06,2467.7
2019-03-07,2491.83
2019-03-11,2474.45
2019-03-12,2469.6
2019-03-13,2468.26
2019-03-14,2469.38
2019-03-15,2459.78
2019-03-18,2477.03
2019-03-19,2485.05
2019-03-20,2493.37
2019-03-21,2505.06
2019-03-22,2507.96
2019-03-25,2487.89
2019-03-26,2498.6
2019-03-27,2510.69
2019-03-28,2487.7
2019-03-29,2493.77
2019-04-01,2498.73
2019-04-02,2523.03
2019-04-03,2530.9
2019-04-04,2530.56
2019-04-05,2535.5
2019-04-08,2542.61
2019-04-09,2563.85
2019-04-10,2571.7
2019-04-11,2578.37
2019-04-12,2550.87
2019-04-15,2564.48
2019-04-16,2547.17
2019-04-17,2563.47
2019-04-18,2567.34
2019-04-19,2561.11
2019-04-22,2567.24
2019-04-23,2586.06
2019-04-24,2587.07
2019-04-25,2578.52
2019-04-26,2560.7
2019-04-29,2564.09
2019-04-30,2570.19
2019-05-02,2558.81
2019-05-03,2574.11
2019-05-06,2569.28
2019-05-07,2579.59
2019-05-08,2563.66
2019-05-10,2538.16
2019-05-13,2512.23
2019-05-14,2508.93
2019-05-15,2569.33
2019-05-16,2552.69
2019-05-17,2576.45
2019-05-20,2582.01
2019-05-21,2575.15
2019-05-22,2619.66
2019-05-23,2634.19
2019-05-24,2621.94
2019-05-27,2620.0
2019-05-28,2634.13
2019-05-29,2607.11
2019-05-30,2645.0
2019-05-31,2655.76
2019-06-03,2660.64
2019-06-04,2726.06
2019-06-05,2706.66
2019-06-06,2701.55
2019-06-07,2734.94
2019-06-10,2734.16
2019-06-11,2718.13
2019-06-13,2750.42
2019-06-14,2757.58
2019-06-17,2737.97
2019-06-18,2732.47
2019-06-19,2763.07
2019-06-20,2758.53
2019-06-21,2777.54
2019-06-24,2762.17
2019-06-25,2761.39
2019-06-26,2754.91
2019-06-27,2774.75
2019-06-28,2777.94
2019-07-01,2777.08
2019-07-02,2802.82
2019-07-03,2810.1
2019-07-04,2823.33
2019-07-05,2842.97
2019-07-08,2823.14
2019-07-09,2821.89
2019-07-10,2824.79
2019-07-11,2825.2
2019-07-12,2787.09
2019-07-15,2783.45
2019-07-16,2754.05
2019-07-17,2715.67
2019-07-18,2705.63
2019-07-19,2710.44
2019-07-22,2699.31
2019-07-23,2686.98
2019-07-24,2706.73
2019-07-25,2679.38
2019-07-26,2697.21
2019-07-29,2715.74
2019-07-30,2730.38
2019-07-31,2737.8
2019-08-01,2727.68
2019-08-02,2707.65
2019-08-05,2666.85
2019-08-06,2654.34
2019-08-07,2683.11
2019-08-08,2693.17
2019-08-09,2696.65
2019-08-12,2687.12
2019-08-13,2688.92
2019-08-14,2684.63
2019-08-15,2643.53
2019-08-16,2636.29
2019-08-19,2627.47
2019-08-20,2651.1
2019-08-21,2677.55
2019-08-22,2673.77
2019-08-23,2679.23
2019-08-26,2651.09
2019-08-27,2660.76
2019-08-28,2658.17
2019-08-29,2679.8
2019-08-30,2716.69
2019-09-02,2742.3
2019-09-03,2770.86
2019-09-04,2787.37
2019-09-05,2800.97
2019-09-06,2805.95
2019-09-09,2802.49
2019-09-10,2784.8
2019-09-11,2788.19
2019-09-12,2816.06
2019-09-13,2795.85
2019-09-16,2810.78
2019-09-17,2832.42
2019-09-18,2818.93
2019-09-19,2815.49
2019-09-20,2794.82
2019-09-23,2793.03
2019-09-24,2785.57
2019-09-25,2749.13
2019-09-26,2755.6
2019-09-27,2772.58
2019-09-30,2759.94
2019-10-01,2749.83
2019-10-02,2756.86
2019-10-03,2719.65
2019-10-04,2707.9
2019-10-07,2695.54
2019-10-08,2720.17
2019-10-09,2704.71
2019-10-10,2709.39
2019-10-11,2723.36
2019-10-14,2710.56
2019-10-15,2696.6
2019-10-16,2714.81
2019-10-17,2744.43
2019-10-18,2747.8
2019-10-21,2759.79
2019-10-22,2766.21
2019-10-23,2797.44
2019-10-24,2822.37
2019-10-25,2876.1
2019-10-28,2879.37
2019-10-29,2858.42
2019-10-30,2882.07
2019-10-31,2917.22
2019-11-01,2895.47
2019-11-05,2950.78
2019-11-06,2949.7
2019-11-07,2977.67
2019-11-08,2997.85
2019-11-11,2965.84
2019-11-12,2963.7
2019-11-13,2942.4
2019-11-14,2938.6
2019-11-15,2925.31
2019-11-18,2947.39
2019-11-19,2928.1
2019-11-20,2935.64
2019-11-21,2940.78
2019-11-22,2939.36
2019-11-25,2953.11
2019-11-26,2954.84
2019-11-27,2932.25
2019-11-28,2926.3
2019-11-29,2925.76
2019-12-02,2937.69
2019-12-03,2917.46
2019-12-04,2887.39
2019-12-05,2903.5
2019-12-06,2900.78
2019-12-09,2932.08
2019-12-10,2943.03
2019-12-11,2932.43
2019-12-12,2966.24
2019-12-13,2990.92
2019-12-16,3001.42
2019-12-17,3012.49
2019-12-18,3011.37
2019-12-19,3012.29
2019-12-20,3015.64
2019-12-23,3009.89
2019-12-24,3035.86
2019-12-25,3032.41
2019-12-26,3025.58
2019-12-27,3029.12
2019-12-30,3051.41
2020-01-03,3059.2
2020-01-06,3075.55
2020-01-08,3076.63
2020-01-09,3105.21
2020-01-10,3117.24
2020-01-13,3124.96
2020-01-14,3155.63
2020-01-15,3128.38
2020-01-16,3137.52
2020-01-17,3161.25
2020-01-20,3205.64
2020-01-21,3212.72
2020-01-22,3212.91
2020-01-23,3162.68
2020-01-24,3147.28
2020-01-27,3123.71
2020-01-28,3097.71
2020-01-29,3125.91
2020-01-30,3108.38
2020-01-31,3133.4
2020-02-03,3062.27
2020-02-04,3082.2
2020-02-05,3105.52
2020-02-06,3132.84
2020-02-07,3101.08
2020-02-10,3088.63
2020-02-11,3072.39
2020-02-12,3103.81
2020-02-13,3116.99
2020-02-14,3113.72
2020-02-17,3097.18
2020-02-18,3103.71
2020-02-19,3089.09
2020-02-20,3120.51
2020-02-21,3109.86
2020-02-25,3058.33
2020-02-26,2994.22
2020-02-27,2989.18
2020-02-28,2850.11
2020-03-02,2829.47
2020-03-03,2817.58
2020-03-04,2799.18
2020-03-05,2852.42
2020-03-06,2773.53
2020-03-10,2502.7
2020-03-11,2532.72
2020-03-12,2413.02
2020-03-13,2277.66
2020-03-16,2297.04
2020-03-17,2263.62
2020-03-18,2192.79
2020-03-19,2134.43
2020-03-20,2327.27
2020-03-23,2257.88
2020-03-24,2349.47
2020-03-25,2459.3
2020-03-26,2448.76
2020-03-27,2491.7
2020-03-30,2377.21
2020-03-31,2466.28
2020-04-01,2465.56
2020-04-02,2528.72
2020-04-03,2547.15
2020-04-06,2597.28
2020-04-07,2648.74
2020-04-08,2617.66
2020-04-09,2693.58
2020-04-10,2678.3
2020-04-13,2675.73
2020-04-14,2649.34
2020-04-15,2617.19
2020-04-16,2511.55
2020-04-17,2550.95
2020-04-20,2524.31
2020-04-21,2487.63
2020-04-22,2474.32
2020-04-23,2600.28
2020-04-24,2588.29
2020-04-27,2570.69
2020-04-28,2567.74
2020-04-29,2629.24
2020-04-30,2683.86
2020-05-04,2623.89
2020-05-05,2652.92
2020-05-06,2659.08
2020-05-07,2632.87
2020-05-08,2647.8
2020-05-12,2635.51
2020-05-13,2630.79
2020-05-14,2596.13
2020-05-15,2616.14
2020-05-18,2623.61
2020-05-19,2702.34
2020-05-20,2706.07
2020-05-21,2767.97
2020-05-22,2691.58
2020-05-25,2718.72
2020-05-26,2777.72
2020-05-27,2748.25
2020-05-28,2748.03
2020-05-29,2766.62
2020-06-01,2761.23
2020-06-02,2760.63
2020-06-03,2812.82
2020-06-04,2822.59
2020-06-05,2780.32
2020-06-08,2806.81
2020-06-09,2804.36
2020-06-10,2795.1
2020-06-11,2756.98
2020-06-15,2705.64
2020-06-16,2745.49
2020-06-17,2758.97
2020-06-18,2734.84
2020-06-19,2739.04
2020-06-22,2754.42
2020-06-23,2773.33
2020-06-25,2750.08
2020-06-26,2780.02
2020-06-29,2749.54
2020-06-30,2770.69
2020-07-02,2762.56
2020-07-03,2789.27
2020-07-06,2825.88
2020-07-07,2829.33
2020-07-08,2815.52
2020-07-09,2805.85
2020-07-10,2768.67
2020-07-13,2805.52
2020-07-14,2751.98
2020-07-15,2728.59
2020-07-16,2741.68
2020-07-17,2757.04
2020-07-20,2771.85
2020-07-21,2814.99
2020-07-22,2824.5
2020-07-23,2848.41
2020-07-24,2835.15
2020-07-27,2869.69
2020-07-28,2891.34
2020-07-29,2893.54
2020-07-30,2915.94
2020-07-31,2902.81
2020-08-03,2917.68
2020-08-04,2934.91
2020-08-05,2954.41
2020-08-06,2998.53
2020-08-07,2992.26
2020-08-10,2976.49
2020-08-11,2959.29
2020-08-12,2990.9
2020-08-13,3057.63
2020-08-14,3075.96
2020-08-17,3070.81
2020-08-18,3056.72
2020-08-19,3048.22
2020-08-20,3044.92
2020-08-21,3013.4
2020-08-24,3005.86
2020-08-25,3042.58
2020-08-26,3041.19
2020-08-27,3051.2
2020-08-28,3015.7
2020-08-31,2993.02
2020-09-01,2976.07
2020-09-02,2989.76
2020-09-03,2954.62
2020-09-04,2920.22
2020-09-07,2929.38
2020-09-08,2937.18
2020-09-09,2880.83
2020-09-10,2888.09
2020-09-11,2888.92
2020-09-14,2918.29
2020-09-15,2936.42
2020-09-16,2982.49
2020-09-17,2947.54
2020-09-18,2976.1
2020-09-21,2946.18
2020-09-22,2874.0
2020-09-23,2933.33
2020-09-24,2905.55
2020-09-25,2912.83
2020-09-28,2909.62
2020-09-29,2935.77
2020-09-30,2908.55
2020-10-01,2911.08
2020-10-02,2840.72
2020-10-05,2860.53
2020-10-06,2885.38
2020-10-07,2883.58
2020-10-08,2850.65
2020-10-09,2842.59
2020-10-12,2834.33
2020-10-13,2846.04
2020-10-14,2829.88
2020-10-15,2849.24
2020-10-16,2819.04
2020-10-19,2797.65
2020-10-20,2785.99
2020-10-21,2811.87
2020-10-22,2784.18
2020-10-23,2807.3
2020-10-26,2812.48
2020-10-27,2784.13
2020-10-28,2758.84
2020-10-29,2704.5
2020-10-30,2698.94
2020-11-02,2681.19
2020-11-03,2753.97
2020-11-05,2824.45
2020-11-06,2845.74
2020-11-09,2919.08
2020-11-10,2965.92
2020-11-11,3004.63
2020-11-12,2997.79
2020-11-13,3007.16
2020-11-16,3054.35
2020-11-17,3081.05
2020-11-18,3046.02
2020-11-19,3067.06
2020-11-20,3050.81
2020-11-23,3066.64
2020-11-24,3071.8
2020-11-25,3111.75
2020-11-26,3141.43
2020-11-27,3132.55
2020-11-30,3130.88
2020-12-01,3113.06
2020-12-02,3150.66
2020-12-03,3185.78
2020-12-04,3171.44
2020-12-07,3179.14
2020-12-08,3184.93
2020-12-09,3184.24
2020-12-10,3194.03
2020-12-11,3257.47
2020-12-14,3293.0
2020-12-15,3252.68
2020-12-16,3259.89
2020-12-17,3277.67
2020-12-18,3281.59
2020-12-21,3246.9
2020-12-22,3179.69
2020-12-23,3224.02
2020-12-24,3253.73
2020-12-25,3236.38
2020-12-28,3249.41
2020-12-29,3269.71
2020-12-30,3276.04
2021-01-04,3306.12
2021-01-05,3327.94
2021-01-06,3373.37
2021-01-08,3390.23
2021-01-11,3455.67
2021-01-12,3494.6
2021-01-13,3487.92
2021-01-14,3461.83
2021-01-15,3486.02
2021-01-18,3440.56
2021-01-19,3479.53
2021-01-20,3453.54
2021-01-21,3481.74
2021-01-22,3404.36
2021-01-25,3399.28
2021-01-26,3384.99
2021-01-27,3398.38
2021-01-28,3319.16
2021-01-29,3335.13
2021-02-01,3287.96
2021-02-02,3324.24
2021-02-03,3351.99
2021-02-04,3356.23
2021-02-05,3396.97
2021-02-08,3412.97
2021-02-09,3461.15
2021-02-10,3437.76
2021-02-11,3405.33
2021-02-12,3403.07
2021-02-15,3461.94
2021-02-16,3502.04
2021-02-17,3491.81
2021-02-18,3451.69
2021-02-19,3398.4
2021-02-20,3454.43
2021-02-22,3447.57
2021-02-24,3426.07
2021-02-25,3412.16
2021-02-26,3354.45
2021-03-01,3369.68
2021-03-02,3380.35
2021-03-03,3432.88
2021-03-04,3403.01
2021-03-05,3378.68
2021-03-09,3426.48
2021-03-10,3476.91
2021-03-11,3481.26
2021-03-12,3515.44
2021-03-15,3562.69
2021-03-16,3600.68
2021-03-17,3579.06
2021-03-18,3533.69
2021-03-19,3473.84
2021-03-22,3479.06
2021-03-23,3481.11
2021-03-24,3459.99
2021-03-25,3477.87
2021-03-26,3476.01
2021-03-29,3500.41
2021-03-30,3535.72
2021-03-31,3525.56
2021-04-01,3556.28
2021-04-02,3553.89
2021-04-05,3555.24
2021-04-06,3536.26
2021-04-07,3484.22
2021-04-08,3513.21
2021-04-09,3510.2
2021-04-12,3476.51
2021-04-13,3533.3
2021-04-14,3567.53
2021-04-15,3532.13
2021-04-16,3578.01
2021-04-19,3598.47
2021-04-20,3581.37
2021-04-21,3554.83
2021-04-22,3576.69
2021-04-23,3598.76
2021-04-26,3603.13
2021-04-27,3615.57
2021-04-28,3608.89
2021-04-29,3609.38
2021-04-30,3574.03
2021-05-04,3557.62
2021-05-05,3602.17
2021-05-06,3636.71
2021-05-07,3678.19
2021-05-10,3684.18
2021-05-11,3644.29
2021-05-12,3659.63
2021-05-13,3634.18
2021-05-14,3654.73
2021-05-17,3645.13
2021-05-18,3670.16
2021-05-19,3693.82
2021-05-20,3650.07
2021-05-21,3637.5
2021-05-24,3665.96
2021-05-25,3682.42
2021-05-26,3695.29
2021-05-27,3708.77
2021-05-28,3750.46
2021-05-31,3713.99
2021-06-01,3739.57
2021-06-02,3771.32
2021-06-03,3833.77
2021-06-04,3805.94
2021-06-07,3807.96
2021-06-08,3819.52
2021-06-09,3821.8
2021-06-10,3835.21
2021-06-11,3838.98
2021-06-14,3845.81
2021-06-15,3864.36
2021-06-16,3821.45
2021-06-17,3807.32
2021-06-18,3809.99
2021-06-21,3797.23
2021-06-22,3831.61
2021-06-23,3836.12
2021-06-24,3833.73
2021-06-25,3818.97
2021-06-28,3833.72
2021-06-29,3817.72
2021-06-30,3799.42
2021-07-01,3843.28
2021-07-02,3853.81
2021-07-05,3874.81
2021-07-06,3896.82
2021-07-07,3881.88
2021-07-08,3882.15
2021-07-09,3865.62
2021-07-12,3864.26
2021-07-13,3888.32
2021-07-14,3851.16
2021-07-15,3826.45
2021-07-16,3795.03
2021-07-19,3743.97
2021-07-20,3707.23
2021-07-21,3718.92
2021-07-22,3746.35
2021-07-23,3760.33
2021-07-26,3724.2
2021-07-27,3756.79
2021-07-28,3747.25
2021-07-29,3794.4
2021-07-30,3789.33
2021-08-02,3791.22
2021-08-03,3782.41
2021-08-04,3808.44
2021-08-05,3803.91
2021-08-06,3836.49
2021-08-09,3795.48
2021-08-10,3847.12
2021-08-11,3875.23
2021-08-12,3879.01
2021-08-13,3882.62
2021-08-16,3862.32
2021-08-17,3893.85
2021-08-18,3948.43
2021-08-19,3883.2
2021-08-20,3868.79
2021-08-23,3861.99
2021-08-24,3897.56
2021-08-25,3891.8
2021-08-26,3876.99
2021-08-27,3864.11
2021-08-30,3900.96
2021-08-31,3934.1
2021-09-01,3924.32
2021-09-02,3983.68
2021-09-03,3976.62
2021-09-06,4004.61
2021-09-07,4036.41
2021-09-08,4015.35
2021-09-09,4007.82
2021-09-10,3993.53
2021-09-13,4012.97
2021-09-14,4051.81
2021-09-15,4059.08
2021-09-16,4069.19
2021-09-17,4043.51
2021-09-20,3988.45
2021-09-21,3980.02
2021-09-22,4001.79
2021-09-23,4051.36
2021-09-24,4055.37
2021-09-27,4069.55
2021-09-28,4109.66
2021-09-29,4045.16
2021-09-30,4079.46
2021-10-01,4078.59
2021-10-04,4106.89
2021-10-05,4129.53
2021-10-06,4263.87
2021-10-07,4222.78
2021-10-08,4233.58
2021-10-11,4259.38
2021-10-12,4259.03
2021-10-13,4260.44
2021-10-14,4280.76
2021-10-15,4278.51
2021-10-18,4254.91
2021-10-19,4256.24
2021-10-20,4284.91
2021-10-21,4276.94
2021-10-22,4218.5
2021-10-25,4216.43
2021-10-26,4254.59
2021-10-27,4216.76
2021-10-28,4210.78
2021-10-29,4186.35
2021-11-01,4155.24
2021-11-02,4235.89
2021-11-03,4192.14
2021-11-05,4179.03
2021-11-08,4203.65
2021-11-09,4207.59
2021-11-10,4192.62
2021-11-11,4141.62
2021-11-12,4181.7
2021-11-15,4121.5
2021-11-16,4147.69
2021-11-17,4120.23
2021-11-18,4120.81
2021-11-19,4121.74
2021-11-22,4008.13
2021-11-23,3832.33
2021-11-24,4001.89
2021-11-25,3964.25
2021-11-26,3852.99
2021-11-29,3872.19
2021-11-30,3828.25
2021-12-01,3907.17
2021-12-02,3940.09
2021-12-03,3967.88
2021-12-06,3937.15
2021-12-07,3860.83
2021-12-08,3904.84
2021-12-09,3801.67
2021-12-10,3806.97
2021-12-13,3790.1
2021-12-14,3533.82
2021-12-15,3653.16
2021-12-16,3705.57
2021-12-17,3725.04
2021-12-20,3657.65
2021-12-21,3705.33
2021-12-22,3715.2
2021-12-23,3745.52
2021-12-24,3700.34
2021-12-27,3711.77
2021-12-28,3766.5
2021-12-29,3756.54
2021-12-30,3753.92
2022-01-03,3825.3
2022-01-04,3880.2
2022-01-05,3857.9
2022-01-06,3758.68
2022-01-07,3772.04
2022-01-10,3798.43
2022-01-11,3764.56
2022-01-12,3797.31
2022-01-13,3814.98
2022-01-14,3703.9
2022-01-17,3633.01
2022-01-18,3527.77
2022-01-19,3290.31
2022-01-20,3519.02
2022-01-21,3420.12
2022-01-24,3426.19
2022-01-25,3316.98
2022-01-26,3341.71
2022-01-27,3296.47
2022-01-28,3508.57
2022-01-31,3524.11
2022-02-01,3564.55
2022-02-02,3574.87
2022-02-03,3498.76
2022-02-04,3499.32
2022-02-07,3511.39
2022-02-08,3497.18
2022-02-09,3593.0
2022-02-10,3628.51
2022-02-11,3579.69
2022-02-14,3442.82
2022-02-15,3532.0
2022-02-16,3682.94
2022-02-17,3588.27
2022-02-18,3547.04
2022-02-21,3458.73
2022-02-22,2909.4
2022-02-24,2735.88
2022-02-25,2261.33
2022-03-24,2474.52
2022-03-25,2620.62
2022-03-28,2479.49
2022-03-29,2442.43
2022-03-30,2437.92
2022-03-31,2535.32
2022-04-01,2714.62
2022-04-04,2775.06
2022-04-05,2796.56
2022-04-06,2641.79
2022-04-07,2618.26
2022-04-08,2649.16
2022-04-11,2596.17
2022-04-12,2559.22
2022-04-13,2546.64
2022-04-14,2530.9
2022-04-15,2403.16
2022-04-18,2430.91
2022-04-19,2342.53
2022-04-20,2326.03
2022-04-21,2334.97
2022-04-22,2271.18
2022-04-25,2236.32
2022-04-26,2190.97
2022-04-27,2326.27
2022-04-28,2434.86
2022-04-29,2390.83
2022-05-04,2444.25
2022-05-05,2379.04
2022-05-06,2405.17
2022-05-11,2391.91
2022-05-12,2382.33
2022-05-13,2309.98
2022-05-16,2308.2
2022-05-17,2378.08
2022-05-18,2438.0
2022-05-19,2454.36
2022-05-20,2441.56
2022-05-23,2379.66
2022-05-24,2300.11
2022-05-25,2300.15
2022-05-26,2348.44
2022-05-27,2424.7
2022-05-30,2418.21
2022-05-31,2400.75
2022-06-01,2349.84
2022-06-02,2374.67
2022-06-03,2341.55
2022-06-06,2308.35
2022-06-07,2281.3
2022-06-08,2296.62
2022-06-09,2321.57
2022-06-10,2282.81
2022-06-14,2280.02
2022-06-15,2290.76
2022-06-16,2321.52
2022-06-17,2373.07
2022-06-20,2358.26
2022-06-21,2407.63
2022-06-22,2348.04
2022-06-23,2375.6
2022-06-24,2405.31
2022-06-27,2387.55
2022-06-28,2419.15
2022-06-29,2407.49
2022-06-30,2380.03
2022-07-01,2197.9
2022-07-04,2208.7
2022-07-05,2214.39
2022-07-06,2227.02
2022-07-07,2221.02
2022-07-08,2225.02
2022-07-11,2213.55
2022-07-12,2160.74
2022-07-13,2138.14
2022-07-14,2073.79
2022-07-15,2069.02
2022-07-18,2119.02
2022-07-19,2089.28
2022-07-20,2076.24
2022-07-21,2075.99
2022-07-22,2056.16
2022-07-25,2099.81
2022-07-26,2135.89
2022-07-27,2198.96
2022-07-28,2204.01
2022-07-29,2187.67
2022-08-01,2213.75
2022-08-02,2176.57
2022-08-03,2138.76
2022-08-04,2126.39
2022-08-05,2120.13
2022-08-08,2106.5
2022-08-09,2090.37
2022-08-10,2138.81
2022-08-11,2157.17
2022-08-12,2133.93
2022-08-15,2147.76
2022-08-16,2172.4
2022-08-17,2213.43
2022-08-18,2188.42
2022-08-19,2199.6
2022-08-22,2193.29
2022-08-23,2230.74
2022-08-24,2263.57
2022-08-25,2249.39
2022-08-26,2248.98
2022-08-29,2267.43
2022-08-30,2299.28
2022-08-31,2377.02
2022-09-01,2401.98
2022-09-02,2443.76
2022-09-05,2472.1
2022-09-06,2487.76
2022-09-07,2422.88
2022-09-08,2397.59
2022-09-09,2391.69
2022-09-12,2419.77
2022-09-13,2459.75
2022-09-14,2439.96
2022-09-15,2434.79
2022-09-16,2446.09
2022-09-19,2436.48
2022-09-20,2430.53
2022-09-21,2052.89
2022-09-22,2138.39
2022-09-23,2192.11
2022-09-26,2054.56
2022-09-27,1930.58
2022-09-28,1978.89
2022-09-29,1998.24
2022-09-30,1977.75
2022-10-03,1991.88
2022-10-04,2071.19
2022-10-05,2041.5
2022-10-06,2027.3
2022-10-07,2012.95
2022-10-10,1783.66
2022-10-11,1928.74
2022-10-12,1965.39
2022-10-13,1950.24
2022-10-14,1963.38
2022-10-17,1958.18
2022-10-18,2031.56
2022-10-19,1986.67
2022-10-20,1998.74
2022-10-21,2026.44
2022-10-24,2070.36
2022-10-25,2066.28
2022-10-26,2131.18
2022-10-27,2133.81
2022-10-28,2154.28
2022-10-31,2173.0
2022-11-01,2179.15
2022-11-02,2178.25
2022-11-03,2145.54
2022-11-07,2176.33
2022-11-08,2213.39
2022-11-09,2201.06
2022-11-10,2167.96
2022-11-11,2221.68
2022-11-14,2230.8
2022-11-15,2249.22
2022-11-16,2199.1
2022-11-17,2227.54
2022-11-18,2208.39
2022-11-21,2204.9
2022-11-22,2179.76
2022-11-23,2196.24
2022-11-24,2214.14
2022-11-25,2209.31
2022-11-28,2180.32
2022-11-29,2180.65
2022-11-30,2184.27
2022-12-01,2189.65
2022-12-02,2189.19
2022-12-05,2179.79
2022-12-06,2204.51
2022-12-07,2185.01
2022-12-08,2196.17
2022-12-09,2178.93
2022-12-12,2178.33
2022-12-13,2175.29
2022-12-14,2171.12
2022-12-15,2151.69
2022-12-16,2118.43
2022-12-19,2131.33
2022-12-20,2071.1
2022-12-21,2135.41
2022-12-22,2124.37
2022-12-23,2121.99
2022-12-26,2126.4
2022-12-27,2142.08
2022-12-28,2150.12
2022-12-29,2135.91
2022-12-30,2149.83
2023-01-03,2157.18
2023-01-04,2171.54
2023-01-05,2170.4
2023-01-06,2157.32
2023-01-09,2163.43
2023-01-10,2162.7
2023-01-11,2156.28
2023-01-12,2193.53
2023-01-13,2188.6
2023-01-16,2204.64
2023-01-17,2225.26
2023-01-18,2188.9
2023-01-19,2190.02
2023-01-20,2167.61
2023-01-23,2167.92
2023-01-24,2191.64
2023-01-25,2168.48
2023-01-26,2181.96
2023-01-27,2174.85
2023-01-30,2193.99
2023-01-31,2203.57
2023-02-01,2232.02
2023-02-02,2243.04
2023-02-03,2239.1
2023-02-06,2245.93
2023-02-07,2281.69
2023-02-08,2273.59
2023-02-09,2258.97
2023-02-10,2253.51
2023-02-13,2262.65
2023-02-14,2256.59
2023-02-15,2216.69
2023-02-16,2169.39
2023-02-17,2157.5
2023-02-20,2172.53
2023-02-21,2184.6
2023-02-22,2215.43
2023-02-24,2209.1
2023-02-27,2194.39
2023-02-28,2246.26
2023-03-01,2258.89
2023-03-02,2284.87
2023-03-03,2250.12
2023-03-06,2286.2
2023-03-07,2294.32
2023-03-09,2295.03
2023-03-10,2272.61
2023-03-13,2279.13
2023-03-14,2266.78
2023-03-15,2287.16
2023-03-16,2262.61
2023-03-17,2284.78
2023-03-20,2337.83
2023-03-21,2417.43
2023-03-22,2387.81
2023-03-23,2386.7
2023-03-24,2386.53
2023-03-27,2400.84
2023-03-28,2453.26
2023-03-29,2449.96
2023-03-30,2458.06
2023-03-31,2470.12
2023-04-03,2474.37
2023-04-04,2483.47
2023-04-05,2489.18
2023-04-06,2504.06
2023-04-07,2504.04
2023-04-10,2523.2
2023-04-11,2560.04
2023-04-12,2538.62
2023-04-13,2546.98
2023-04-14,2546.93
2023-04-17,2572.54
2023-04-18,2601.34
2023-04-19,2617.91
2023-04-20,2600.71
2023-04-21,2640.99
2023-04-24,2636.76
2023-04-25,2639.67
2023-04-26,2625.62
2023-04-27,2620.65
2023-04-28,2653.93
2023-05-02,2623.29
2023-05-03,2585.4
2023-05-04,2524.97
2023-05-05,2544.47
2023-05-08,2528.74
2023-05-10,2483.92
2023-05-11,2573.41
2023-05-12,2570.65
2023-05-15,2581.64
2023-05-16,2645.94
2023-05-17,2637.51
2023-05-18,2650.12
2023-05-19,2627.59
2023-05-22,2648.3
2023-05-23,2641.05
2023-05-24,2643.73
2023-05-25,2662.85
2023-05-26,2650.38
2023-05-29,2697.46
2023-05-30,2712.04
2023-05-31,2698.11
2023-06-01,2720.21
2023-06-02,2684.59
2023-06-05,2726.17
2023-06-06,2667.76
2023-06-07,2690.94
2023-06-08,2693.6
2023-06-09,2717.2
2023-06-13,2715.31
2023-06-14,2777.2
2023-06-15,2776.77
2023-06-16,2809.28
2023-06-19,2808.04
2023-06-20,2810.14
2023-06-21,2808.87
2023-06-22,2817.3
2023-06-23,2790.04
2023-06-26,2771.52
2023-06-27,2759.61
2023-06-28,2781.1
2023-06-29,2790.27
2023-06-30,2796.0
2023-07-03,2795.58
2023-07-04,2798.02
2023-07-05,2795.4
2023-07-06,2816.74
2023-07-07,2823.89
2023-07-10,2838.85
2023-07-11,2865.64
2023-07-12,2870.61
2023-07-13,2899.98
2023-07-14,2882.96
2023-07-17,2889.09
2023-07-18,2923.69
2023-07-19,2959.41
2023-07-20,2947.08
2023-07-21,2890.45
2023-07-24,2929.23
2023-07-25,2948.87
2023-07-26,2974.21
2023-07-27,2975.52
2023-07-28,2986.35
2023-07-31,3026.93
2023-08-01,3085.97
2023-08-02,3096.72
2023-08-03,3111.7
2023-08-04,3158.53
2023-08-07,3120.54
2023-08-08,3077.63
2023-08-09,3106.03
2023-08-10,3122.06
2023-08-11,3158.59
2023-08-14,3186.47
2023-08-15,3083.32
2023-08-16,3109.46
2023-08-17,3069.81
2023-08-18,3077.78
2023-08-21,3139.29
2023-08-22,3146.42
2023-08-23,3180.39
2023-08-24,3117.02
2023-08-25,3150.03
2023-08-28,3161.36
2023-08-29,3205.06
2023-08-30,3214.11
2023-08-31,3218.48
2023-09-01,3230.53
2023-09-04,3242.49
2023-09-05,3273.39
2023-09-06,3270.84
2023-09-07,3247.9
2023-09-08,3178.44
2023-09-11,3145.26
2023-09-12,3118.14
2023-09-13,3189.08
2023-09-14,3144.29
2023-09-15,3126.57
2023-09-18,3165.06
2023-09-19,3134.37
2023-09-20,3061.18
2023-09-21,3058.2
2023-09-22,3009.87
2023-09-25,3051.85
2023-09-26,3034.23
2023-09-27,3053.37
2023-09-28,3080.81
2023-09-29,3121.07
2023-10-02,3141.69
2023-10-03,3134.45
2023-10-04,3138.62
2023-10-05,3126.71
2023-10-06,3138.87
2023-10-09,3166.21
2023-10-10,3175.08
2023-10-11,3174.99
2023-10-12,3130.04
2023-10-13,3182.47
2023-10-16,3204.81
2023-10-17,3239.37
2023-10-18,3252.31
2023-10-19,3245.26
2023-10-20,3257.85
2023-10-23,3271.76
2023-10-24,3256.29
2023-10-25,3265.18
2023-10-26,3272.71
2023-10-27,3219.49
2023-10-30,3232.82
2023-10-31,3221.08
2023-11-01,3192.96
2023-11-02,3216.92
2023-11-03,3207.04
2023-11-06,3207.47
2023-11-07,3239.98
2023-11-08,3238.81
2023-11-09,3241.5
2023-11-10,3236.03
2023-11-13,3241.31
2023-11-14,3236.48
2023-11-15,3195.43
2023-11-16,3209.33
2023-11-17,3172.78
2023-11-20,3205.73
2023-11-21,3198.73
2023-11-22,3221.9
2023-11-23,3233.09
2023-11-24,3223.75
2023-11-27,3220.25
2023-11-28,3189.16
2023-11-29,3196.75
2023-11-30,3176.5
2023-12-01,3155.87
2023-12-04,3123.18
2023-12-05,3102.3
2023-12-06,3139.89
2023-12-07,3065.93
2023-12-08,3079.88
2023-12-11,3081.88
2023-12-12,3020.61
2023-12-13,3011.99
2023-12-14,3046.43
2023-12-15,2959.29
2023-12-18,3052.14
2023-12-19,3084.12
2023-12-20,3091.35
2023-12-21,3093.46
2023-12-22,3076.31
2023-12-25,3095.42
2023-12-26,3090.39
2023-12-27,3100.99
2023-12-28,3099.56
2023-12-29,3092.66
2024-01-03,3099.78
2024-01-04,3140.66
2024-01-05,3138.27
2024-01-08,3140.12
2024-01-09,3156.17
2024-01-10,3158.35
2024-01-11,3158.3
2024-01-12,3182.5
2024-01-15,3190.62
2024-01-16,3186.77
2024-01-17,3174.87
2024-01-18,3188.71
2024-01-19,3176.13
2024-01-22,3161.44
2024-01-23,3176.19
2024-01-24,3176.59
2024-01-25,3163.36
2024-01-26,3164.55
2024-01-29,3169.57
2024-01-30,3181.75
2024-01-31,3201.48
2024-02-01,3220.43
2024-02-02,3229.48
2024-02-05,3218.91
2024-02-06,3234.44
2024-02-07,3240.57
2024-02-08,3261.18
2024-02-09,3231.3
2024-02-12,3241.57
2024-02-13,3250.3
2024-02-14,3261.52
2024-02-15,3249.78
2024-02-16,3269.84
2024-02-19,3247.46
2024-02-20,3236.85
2024-02-21,3173.01
2024-02-22,3152.75
2024-02-26,3186.06
2024-02-27,3220.26
2024-02-28,3215.53
2024-02-29,3233.03
2024-03-01,3259.0
2024-03-04,3278.01
2024-03-05,3305.79
2024-03-06,3298.86
2024-03-07,3309.31
2024-03-11,3329.72
2024-03-12,3320.18
2024-03-13,3337.56
2024-03-14,3314.66
2024-03-15,3295.15
2024-03-18,3305.67
2024-03-19,3293.93
2024-03-20,3268.87
2024-03-21,3286.75
2024-03-22,3289.28
2024-03-25,3251.24
2024-03-26,3286.2
2024-03-27,3291.7
2024-03-28,3308.26
2024-03-29,3313.17
2024-04-01,3343.66
2024-04-02,3369.32
2024-04-03,3381.95
2024-04-04,3399.81
2024-04-05,3393.2
