date,open
2015-11-25,70.62
2015-11-26,70.55
2015-11-27,69.99
2015-11-28,70.27
2015-11-29,69.99
2015-11-30,69.8
2015-12-01,69.54
2015-12-02,69.51
2015-12-03,69.76
2015-12-04,69.05
2015-12-05,69.405
2015-12-06,69.05
2015-12-07,68.58
2015-12-08,68.21
2015-12-09,68.51
2015-12-10,68.54
2015-12-11,68.34
2015-12-12,68.44
2015-12-13,68.34
2015-12-14,68.08
2015-12-15,68.67
2015-12-16,68.8
2015-12-17,69.2
2015-12-18,68.15
2015-12-19,68.67500000000001
2015-12-20,68.15
2015-12-21,68.03
2015-12-22,68.08
2015-12-23,68.67
2015-12-24,68.52
2015-12-25,68.25
2015-12-26,68.38499999999999
2015-12-27,68.25
2015-12-28,68.31
2015-12-29,69.01
2015-12-30,69.15
2015-12-31,69.08000000000001
2016-01-01,69.15
2016-01-02,69.15
2016-01-03,69.15
2016-01-04,68.75
2016-01-05,69.59
2016-01-06,69.58
2016-01-07,69.58500000000001
2016-01-08,69.58
2016-01-09,69.58
2016-01-10,69.58
2016-01-11,67.78
2016-01-12,67.74
2016-01-13,67.8
2016-01-14,67.78
2016-01-15,66.79
2016-01-16,67.28500000000001
2016-01-17,66.79
2016-01-18,66.96
2016-01-19,67.29
2016-01-20,67.12
2016-01-21,67.76
2016-01-22,68.39
2016-01-23,68.075
2016-01-24,68.39
2016-01-25,68.39
2016-01-26,68.33
2016-01-27,68.97
2016-01-28,69.13
2016-01-29,69.17
2016-01-30,69.14999999999999
2016-01-31,69.17
2016-02-01,69.06
2016-02-02,69.01
2016-02-03,69.04
2016-02-04,69.62
2016-02-05,69.41
2016-02-06,69.515
2016-02-07,69.41
2016-02-08,68.99
2016-02-09,68.75
2016-02-10,68.8
2016-02-11,68.72
2016-02-12,68.75
2016-02-13,68.735
2016-02-14,68.75
2016-02-15,68.69
2016-02-16,68.98
2016-02-17,69.07
2016-02-18,69.8
2016-02-19,69.48
2016-02-20,69.49
2016-02-21,69.485
2016-02-22,69.97
2016-02-23,69.97
2016-02-24,69.46
2016-02-25,69.54
2016-02-26,69.83
2016-02-27,69.685
2016-02-28,69.83
2016-02-29,70.31
2016-03-01,70.28
2016-03-02,70.18
2016-03-03,70.4
2016-03-04,70.81
2016-03-05,70.605
2016-03-06,70.81
2016-03-07,71.48
2016-03-08,71.48
2016-03-09,70.78
2016-03-10,70.73
2016-03-11,70.51
2016-03-12,70.62
2016-03-13,70.51
2016-03-14,70.48
2016-03-15,70.24
2016-03-16,70.53
2016-03-17,70.97
2016-03-18,71.45
2016-03-19,71.21
2016-03-20,71.45
2016-03-21,71.38
2016-03-22,71.53
2016-03-23,70.85
2016-03-24,70.67
2016-03-25,70.77
2016-03-26,70.72
2016-03-27,70.77
2016-03-28,70.37
2016-03-29,69.9
2016-03-30,70.66
2016-03-31,70.42
2016-04-01,70.18
2016-04-02,70.3
2016-04-03,70.18
2016-04-04,70.4
2016-04-05,70.26
2016-04-06,70.19
2016-04-07,70.18
2016-04-08,70.44
2016-04-09,70.31
2016-04-10,70.44
2016-04-11,71.74
2016-04-12,71.54
2016-04-13,72.69
2016-04-14,72.24
2016-04-15,71.91
2016-04-16,72.07499999999999
2016-04-17,71.91
2016-04-18,71.62
2016-04-19,72.52
2016-04-20,72.93
2016-04-21,72.83
2016-04-22,73.39
2016-04-23,73.10999999999999
2016-04-24,73.39
2016-04-25,73.07
2016-04-26,72.78
2016-04-27,72.39
2016-04-28,73.12
2016-04-29,72.71
2016-04-30,72.91499999999999
2016-05-01,72.71
2016-05-02,72.71
2016-05-03,72.71
2016-05-04,72.17
2016-05-05,71.87
2016-05-06,71.76
2016-05-07,71.815
2016-05-08,71.76
2016-05-09,71.76
2016-05-10,71.11
2016-05-11,71.4
2016-05-12,71.52
2016-05-13,71.61
2016-05-14,71.565
2016-05-15,71.61
2016-05-16,72.05
2016-05-17,72.06
2016-05-18,72.47
2016-05-19,72.17
2016-05-20,72.45
2016-05-21,72.31
2016-05-22,72.45
2016-05-23,71.92
2016-05-24,72.28
2016-05-25,72.65
2016-05-26,72.86
2016-05-27,73.15
2016-05-28,73.005
2016-05-29,73.15
2016-05-30,73.26
2016-05-31,72.54
2016-06-01,72.43
2016-06-02,72.71
2016-06-03,72.84
2016-06-04,72.775
2016-06-05,72.84
2016-06-06,74.08
2016-06-07,74.85
2016-06-08,74.84
2016-06-09,74.33
2016-06-10,73.69
2016-06-11,74.00999999999999
2016-06-12,73.69
2016-06-13,73.69
2016-06-14,73.04
2016-06-15,73.33
2016-06-16,72.56
2016-06-17,73.05
2016-06-18,72.805
2016-06-19,73.05
2016-06-20,73.89
2016-06-21,73.6
2016-06-22,73.67
2016-06-23,74.25
2016-06-24,73.12
2016-06-25,73.685
2016-06-26,73.12
2016-06-27,71.93
2016-06-28,72.22
2016-06-29,73.01
2016-06-30,73.3
2016-07-01,73.39
2016-07-02,73.345
2016-07-03,73.39
2016-07-04,73.7
2016-07-05,73.6
2016-07-06,73.44
2016-07-07,73.31
2016-07-08,73.49
2016-07-09,73.4
2016-07-10,73.49
2016-07-11,73.96
2016-07-12,74.53
2016-07-13,74.58
2016-07-14,74.69
2016-07-15,74.68
2016-07-16,74.685
2016-07-17,74.68
2016-07-18,74.47
2016-07-19,74.36
2016-07-20,74.42
2016-07-21,74.75
2016-07-22,74.73
2016-07-23,74.74000000000001
2016-07-24,74.73
2016-07-25,74.91
2016-07-26,75.27
2016-07-27,75.21
2016-07-28,76.29
2016-07-29,75.93
2016-07-30,76.11
2016-07-31,75.93
2016-08-01,76.11
2016-08-02,75.06
2016-08-03,75.48
2016-08-04,75.93
2016-08-05,75.94
2016-08-06,75.935
2016-08-07,75.94
2016-08-08,76.14
2016-08-09,76.51
2016-08-10,75.98
2016-08-11,76.25
2016-08-12,76.68
2016-08-13,76.465
2016-08-14,76.68
2016-08-15,76.98
2016-08-16,77.03
2016-08-17,76.39
2016-08-18,76.04
2016-08-19,75.43
2016-08-20,75.73500000000001
2016-08-21,75.43
2016-08-22,75.9
2016-08-23,76.12
2016-08-24,75.87
2016-08-25,75.96
2016-08-26,76.06
2016-08-27,76.00999999999999
2016-08-28,76.06
2016-08-29,75.49
2016-08-30,75.59
2016-08-31,74.76
2016-09-01,75.1
2016-09-02,76.11
2016-09-03,75.605
2016-09-04,76.11
2016-09-05,76.5
2016-09-06,77.02
2016-09-07,77.45
2016-09-08,77.39
2016-09-09,76.5
2016-09-10,76.94500000000001
2016-09-11,76.5
2016-09-12,76.22
2016-09-13,75.56
2016-09-14,75.46
2016-09-15,75.1
2016-09-16,74.84
2016-09-17,74.97
2016-09-18,74.84
2016-09-19,74.87
2016-09-20,74.95
2016-09-21,75.39
2016-09-22,76.58
2016-09-23,75.77
2016-09-24,76.175
2016-09-25,75.77
2016-09-26,75.22
2016-09-27,74.71
2016-09-28,74.99
2016-09-29,75.25
2016-09-30,74.69
2016-10-01,74.97
2016-10-02,74.69
2016-10-03,74.91
2016-10-04,74.62
2016-10-05,74.22
2016-10-06,74.25
2016-10-07,73.96
2016-10-08,74.105
2016-10-09,73.96
2016-10-10,74.47
2016-10-11,74.52
2016-10-12,74.03
2016-10-13,73.6
2016-10-14,73.3
2016-10-15,73.44999999999999
2016-10-16,73.3
2016-10-17,72.86
2016-10-18,73.64
2016-10-19,73.61
2016-10-20,73.37
2016-10-21,73.16
2016-10-22,73.26499999999999
2016-10-23,73.16
2016-10-24,73.24
2016-10-25,73.41
2016-10-26,73.26
2016-10-27,73.74
2016-10-28,73.96
2016-10-29,73.85
2016-10-30,73.96
2016-10-31,74.37
2016-11-01,74.77
2016-11-02,73.67
2016-11-03,73.17
2016-11-04,73.42000000000002
2016-11-05,73.17
2016-11-06,73.17
2016-11-07,72.88
2016-11-08,73.24
2016-11-09,74.68
2016-11-10,76.16
2016-11-11,75.57
2016-11-12,75.86499999999998
2016-11-13,75.57
2016-11-14,75.21
2016-11-15,75.11
2016-11-16,75.49
2016-11-17,75.69
2016-11-18,75.68
2016-11-19,75.685
2016-11-20,75.68
2016-11-21,76.18
2016-11-22,76.32
2016-11-23,76.77
2016-11-24,77.07
2016-11-25,76.93
2016-11-26,77.0
2016-11-27,76.93
2016-11-28,76.96
2016-11-29,76.61
2016-11-30,76.65
2016-12-01,77.04
2016-12-02,77.13
2016-12-03,77.085
2016-12-04,77.13
2016-12-05,77.59
2016-12-06,78.11
2016-12-07,78.42
2016-12-08,79.66
2016-12-09,79.31
2016-12-10,79.485
2016-12-11,79.31
2016-12-12,79.25
2016-12-13,79.84
2016-12-14,79.83
2016-12-15,79.64
2016-12-16,79.43
2016-12-17,79.535
2016-12-18,79.43
2016-12-19,78.59
2016-12-20,78.84
2016-12-21,78.46
2016-12-22,77.69
2016-12-23,77.57
2016-12-24,77.63
2016-12-25,77.57
2016-12-26,77.58
2016-12-27,78.04
2016-12-28,77.83
2016-12-29,78.66
2016-12-30,79.61
2016-12-31,79.13499999999999
2017-01-01,79.61
2017-01-02,79.61
2017-01-03,80.56
2017-01-04,80.49
2017-01-05,79.61
2017-01-06,79.65
2017-01-07,79.63
2017-01-08,79.65
2017-01-09,79.77
2017-01-10,80.09
2017-01-11,79.5
2017-01-12,78.94
2017-01-13,78.34
2017-01-14,78.63999999999999
2017-01-15,78.34
2017-01-16,78.33
2017-01-17,78.25
2017-01-18,77.95
2017-01-19,77.46
2017-01-20,77.49
2017-01-21,77.475
2017-01-22,77.49
2017-01-23,77.28
2017-01-24,78.18
2017-01-25,78.31
2017-01-26,79.54
2017-01-27,80.19
2017-01-28,79.86500000000001
2017-01-29,80.19
2017-01-30,79.58
2017-01-31,79.39
2017-02-01,79.77
2017-02-02,79.27
2017-02-03,79.36
2017-02-04,79.315
2017-02-05,79.36
2017-02-06,78.97
2017-02-07,79.13
2017-02-08,78.62
2017-02-09,78.26
2017-02-10,78.25
2017-02-11,78.255
2017-02-12,78.25
2017-02-13,78.22
2017-02-14,77.37
2017-02-15,77.22
2017-02-16,77.68
2017-02-17,77.32
2017-02-18,77.5
2017-02-19,77.32
2017-02-20,77.14
2017-02-21,77.4
2017-02-22,77.51
2017-02-23,77.45500000000001
2017-02-24,77.27
2017-02-25,77.27
2017-02-26,77.27
2017-02-27,76.44
2017-02-28,76.21
2017-03-01,76.26
2017-03-02,75.69
2017-03-03,75.82
2017-03-04,75.755
2017-03-05,75.82
2017-03-06,75.65
2017-03-07,74.73
2017-03-08,75.19
2017-03-09,73.1
2017-03-10,73.29
2017-03-11,73.195
2017-03-12,73.29
2017-03-13,74.21
2017-03-14,74.48
2017-03-15,74.39
2017-03-16,75.36
2017-03-17,75.56
2017-03-18,75.46000000000001
2017-03-19,75.56
2017-03-20,75.43
2017-03-21,75.57
2017-03-22,75.81
2017-03-23,75.65
2017-03-24,75.43
2017-03-25,75.54
2017-03-26,75.43
2017-03-27,74.81
2017-03-28,75.4
2017-03-29,74.98
2017-03-30,74.88
2017-03-31,74.15
2017-04-01,74.51499999999999
2017-04-02,74.15
2017-04-03,74.76
2017-04-04,75.12
2017-04-05,76.04
2017-04-06,75.99
2017-04-07,75.6
2017-04-08,75.79499999999999
2017-04-09,75.6
2017-04-10,74.47
2017-04-11,74.7
2017-04-12,74.31
2017-04-13,74.23
2017-04-14,73.71
2017-04-15,73.97
2017-04-16,73.71
2017-04-17,74.39
2017-04-18,73.87
2017-04-19,73.53
2017-04-20,73.7
2017-04-21,73.73
2017-04-22,73.715
2017-04-23,73.73
2017-04-24,74.14
2017-04-25,74.48
2017-04-26,75.1
2017-04-27,74.9
2017-04-28,75.24
2017-04-29,75.07000000000001
2017-04-30,75.24
2017-05-01,75.24
2017-05-02,75.46
2017-05-03,74.63
2017-05-04,74.94
2017-05-05,75.1
2017-05-06,75.02000000000001
2017-05-07,75.1
2017-05-08,75.1
2017-05-09,75.1
2017-05-10,75.57
2017-05-11,74.94
2017-05-12,74.75
2017-05-13,74.845
2017-05-14,74.75
2017-05-15,74.87
2017-05-16,74.64
2017-05-17,74.73
2017-05-18,74.15
2017-05-19,74.32
2017-05-20,74.235
2017-05-21,74.32
2017-05-22,74.08
2017-05-23,74.25
2017-05-24,74.25
2017-05-25,73.98
2017-05-26,73.67
2017-05-27,73.82500000000002
2017-05-28,73.67
2017-05-29,73.64
2017-05-30,73.36
2017-05-31,72.38
2017-06-01,71.79
2017-06-02,71.83
2017-06-03,71.81
2017-06-04,71.83
2017-06-05,71.87
2017-06-06,71.97
2017-06-07,72.1
2017-06-08,72.36
2017-06-09,72.79
2017-06-10,72.575
2017-06-11,72.79
2017-06-12,72.79
2017-06-13,72.13
2017-06-14,70.8
2017-06-15,70.13
2017-06-16,70.18
2017-06-17,70.155
2017-06-18,70.18
2017-06-19,71.07
2017-06-20,71.77
2017-06-21,71.72
2017-06-22,72.18
2017-06-23,72.61
2017-06-24,72.39500000000001
2017-06-25,72.61
2017-06-26,72.34
2017-06-27,72.71
2017-06-28,73.26
2017-06-29,72.89
2017-06-30,72.71
2017-07-01,72.8
2017-07-02,72.71
2017-07-03,73.23
2017-07-04,73.53
2017-07-05,73.6
2017-07-06,73.53
2017-07-07,73.44
2017-07-08,73.48499999999999
2017-07-09,73.44
2017-07-10,73.81
2017-07-11,74.1
2017-07-12,74.71
2017-07-13,75.47
2017-07-14,75.72
2017-07-15,75.595
2017-07-16,75.72
2017-07-17,75.73
2017-07-18,75.51
2017-07-19,75.96
2017-07-20,75.51
2017-07-21,74.74
2017-07-22,75.125
2017-07-23,74.74
2017-07-24,75.3
2017-07-25,75.3
2017-07-26,75.71
2017-07-27,76.16
2017-07-28,74.6
2017-07-29,75.38
2017-07-30,74.6
2017-07-31,74.82
2017-08-01,75.1
2017-08-02,75.71
2017-08-03,75.73
2017-08-04,75.46
2017-08-05,75.595
2017-08-06,75.46
2017-08-07,75.93
2017-08-08,76.14
2017-08-09,76.03
2017-08-10,75.7
2017-08-11,75.23
2017-08-12,75.465
2017-08-13,75.23
2017-08-14,75.44
2017-08-15,75.27
2017-08-16,75.24
2017-08-17,75.28
2017-08-18,75.01
2017-08-19,75.145
2017-08-20,75.01
2017-08-21,75.23
2017-08-22,75.35
2017-08-23,75.68
2017-08-24,76.15
2017-08-25,76.33
2017-08-26,76.24000000000001
2017-08-27,76.33
2017-08-28,76.44
2017-08-29,76.71
2017-08-30,77.23
2017-08-31,77.7
2017-09-01,77.28
2017-09-02,77.49000000000001
2017-09-03,77.28
2017-09-04,77.25
2017-09-05,77.32
2017-09-06,77.6
2017-09-07,77.51
2017-09-08,78.28
2017-09-09,77.895
2017-09-10,78.28
2017-09-11,78.46
2017-09-12,79.22
2017-09-13,78.93
2017-09-14,78.86
2017-09-15,79.32
2017-09-16,79.09
2017-09-17,79.32
2017-09-18,79.09
2017-09-19,78.74
2017-09-20,79.07
2017-09-21,78.85
2017-09-22,78.78
2017-09-23,78.815
2017-09-24,78.78
2017-09-25,79.07
2017-09-26,79.19
2017-09-27,79.45
2017-09-28,79.01
2017-09-29,79.24
2017-09-30,79.125
2017-10-01,79.24
2017-10-02,79.2
2017-10-03,79.58
2017-10-04,79.42
2017-10-05,79.56
2017-10-06,79.42
2017-10-07,79.49000000000001
2017-10-08,79.42
2017-10-09,79.63
2017-10-10,79.19
2017-10-11,79.85
2017-10-12,79.59
2017-10-13,79.87
2017-10-14,79.73
2017-10-15,79.87
2017-10-16,80.05
2017-10-17,79.35
2017-10-18,79.7
2017-10-19,78.92
2017-10-20,78.42
2017-10-21,78.67
2017-10-22,78.42
2017-10-23,78.19
2017-10-24,78.29
2017-10-25,78.06
2017-10-26,78.12
2017-10-27,79.0
2017-10-28,78.56
2017-10-29,79.0
2017-10-30,78.77
2017-10-31,78.42
2017-11-01,79.31
2017-11-02,78.4
2017-11-03,78.65
2017-11-04,78.525
2017-11-05,78.65
2017-11-06,78.65
2017-11-07,80.53
2017-11-08,80.67
2017-11-09,80.78
2017-11-10,80.4
2017-11-11,80.59
2017-11-12,80.4
2017-11-13,80.31
2017-11-14,79.96
2017-11-15,78.7
2017-11-16,79.13
2017-11-17,79.18
2017-11-18,79.155
2017-11-19,79.18
2017-11-20,79.25
2017-11-21,79.53
2017-11-22,79.95
2017-11-23,79.79
2017-11-24,79.94
2017-11-25,79.86500000000001
2017-11-26,79.94
2017-11-27,79.57
2017-11-28,79.44
2017-11-29,78.77
2017-11-30,78.44
2017-12-01,78.42
2017-12-02,78.43
2017-12-03,78.42
2017-12-04,78.19
2017-12-05,77.94
2017-12-06,78.11
2017-12-07,77.68
2017-12-08,77.71
2017-12-09,77.695
2017-12-10,77.71
2017-12-11,78.84
2017-12-12,78.98
2017-12-13,78.45
2017-12-14,78.91
2017-12-15,78.79
2017-12-16,78.85000000000001
2017-12-17,78.79
2017-12-18,78.39
2017-12-19,77.99
2017-12-20,77.44
2017-12-21,77.61
2017-12-22,77.65
2017-12-23,77.63
2017-12-24,77.65
2017-12-25,77.92
2017-12-26,77.46
2017-12-27,78.03
2017-12-28,77.82
2017-12-29,78.14
2017-12-30,77.98
2017-12-31,78.14
2018-01-01,78.14
2018-01-02,78.14
2018-01-03,79.76
2018-01-04,81.67
2018-01-05,82.04
2018-01-06,81.85500000000002
2018-01-07,82.04
2018-01-08,82.04
2018-01-09,82.12
2018-01-10,82.36
2018-01-11,82.69
2018-01-12,82.88
2018-01-13,82.785
2018-01-14,82.88
2018-01-15,82.78
2018-01-16,82.26
2018-01-17,82.42
2018-01-18,82.74
2018-01-19,82.86
2018-01-20,82.8
2018-01-21,82.86
2018-01-22,83.51
2018-01-23,83.3
2018-01-24,83.59
2018-01-25,84.03
2018-01-26,83.29
2018-01-27,83.66000000000001
2018-01-28,83.29
2018-01-29,82.6
2018-01-30,82.65
2018-01-31,83.05
2018-02-01,83.19
2018-02-02,82.3
2018-02-03,82.745
2018-02-04,82.3
2018-02-05,81.98
2018-02-06,80.49
2018-02-07,81.27
2018-02-08,80.54
2018-02-09,79.74
2018-02-10,80.14000000000001
2018-02-11,79.74
2018-02-12,80.47
2018-02-13,81.06
2018-02-14,81.48
2018-02-15,82.14
2018-02-16,81.77
2018-02-17,81.95499999999998
2018-02-18,81.77
2018-02-19,81.51
2018-02-20,81.76
2018-02-21,82.89
2018-02-22,83.18
2018-02-23,83.03500000000001
2018-02-24,83.18
2018-02-25,83.18
2018-02-26,83.29
2018-02-27,83.11
2018-02-28,81.94
2018-03-01,82.09
2018-03-02,81.77
2018-03-03,81.93
2018-03-04,81.77
2018-03-05,82.31
2018-03-06,82.25
2018-03-07,82.07
2018-03-08,82.16
2018-03-09,82.52
2018-03-10,82.52
2018-03-11,82.52
2018-03-12,82.49
2018-03-13,82.44
2018-03-14,81.79
2018-03-15,81.84
2018-03-16,82.14
2018-03-17,81.99
2018-03-18,82.14
2018-03-19,81.79
2018-03-20,81.92
2018-03-21,82.19
2018-03-22,81.45
2018-03-23,81.35
2018-03-24,81.4
2018-03-25,81.35
2018-03-26,80.62
2018-03-27,80.97
2018-03-28,80.43
2018-03-29,81.07
2018-03-30,80.97
2018-03-31,81.02
2018-04-01,80.97
2018-04-02,80.78
2018-04-03,81.08
2018-04-04,81.13
2018-04-05,82.05
2018-04-06,81.72
2018-04-07,81.88499999999999
2018-04-08,81.72
2018-04-09,76.25
2018-04-10,78.45
2018-04-11,78.81
2018-04-12,79.05
2018-04-13,78.72
2018-04-14,78.88499999999999
2018-04-15,78.72
2018-04-16,78.32
2018-04-17,78.81
2018-04-18,79.39
2018-04-19,79.39
2018-04-20,79.34
2018-04-21,79.36500000000001
2018-04-22,79.34
2018-04-23,79.49
2018-04-24,79.56
2018-04-25,79.52
2018-04-26,79.8
2018-04-27,79.93
2018-04-28,79.88
2018-04-29,79.905
2018-04-30,80.0
2018-05-01,80.0
2018-05-02,80.1
2018-05-03,79.73
2018-05-04,79.81
2018-05-05,79.77
2018-05-06,79.81
2018-05-07,79.86
2018-05-08,79.74
2018-05-09,79.8
2018-05-10,79.91
2018-05-11,80.26
2018-05-12,80.08500000000001
2018-05-13,80.26
2018-05-14,80.27
2018-05-15,79.82
2018-05-16,79.81
2018-05-17,79.72
2018-05-18,79.81
2018-05-19,79.76500000000001
2018-05-20,79.81
2018-05-21,79.98
2018-05-22,80.23
2018-05-23,79.21
2018-05-24,79.33
2018-05-25,79.83
2018-05-26,79.58000000000001
2018-05-27,79.83
2018-05-28,79.92
2018-05-29,79.51
2018-05-30,79.6
2018-05-31,80.09
2018-06-01,80.01
2018-06-02,80.05
2018-06-03,80.01
2018-06-04,80.86
2018-06-05,81.03
2018-06-06,80.59
2018-06-07,80.52
2018-06-08,78.95
2018-06-09,79.42
2018-06-10,79.185
2018-06-11,79.43
2018-06-12,79.43
2018-06-13,79.39
2018-06-14,79.04
2018-06-15,78.8
2018-06-16,78.92000000000002
2018-06-17,78.8
2018-06-18,78.34
2018-06-19,78.37
2018-06-20,79.1
2018-06-21,78.73
2018-06-22,78.63
2018-06-23,78.67999999999999
2018-06-24,78.63
2018-06-25,78.43
2018-06-26,78.39
2018-06-27,78.86
2018-06-28,78.67
2018-06-29,80.01
2018-06-30,79.34
2018-07-01,80.01
2018-07-02,80.56
2018-07-03,80.23
2018-07-04,80.37
2018-07-05,81.29
2018-07-06,81.82
2018-07-07,81.555
2018-07-08,81.82
2018-07-09,82.35
2018-07-10,82.14
2018-07-11,81.34
2018-07-12,81.07
2018-07-13,81.49
2018-07-14,81.28
2018-07-15,81.49
2018-07-16,81.11
2018-07-17,80.84
2018-07-18,80.94
2018-07-19,80.44
2018-07-20,79.86
2018-07-21,80.15
2018-07-22,79.86
2018-07-23,79.88
2018-07-24,80.29
2018-07-25,80.3
2018-07-26,80.73
2018-07-27,80.66
2018-07-28,80.69500000000001
2018-07-29,80.66
2018-07-30,80.08
2018-07-31,80.61
2018-08-01,80.43
2018-08-02,79.81
2018-08-03,79.94
2018-08-04,79.875
2018-08-05,79.94
2018-08-06,79.7
2018-08-07,80.41
2018-08-08,79.33
2018-08-09,79.54
2018-08-10,78.4
2018-08-11,78.97
2018-08-12,78.4
2018-08-13,79.08
2018-08-14,78.96
2018-08-15,78.49
2018-08-16,78.46
2018-08-17,78.33
2018-08-18,78.39499999999998
2018-08-19,78.33
2018-08-20,78.94
2018-08-21,79.8
2018-08-22,79.78
2018-08-23,78.87
2018-08-24,79.25
2018-08-25,79.06
2018-08-26,79.25
2018-08-27,80.13
2018-08-28,80.14
2018-08-29,80.52
2018-08-30,79.99
2018-08-31,80.25
2018-09-01,80.11999999999999
2018-09-02,80.25
2018-09-03,80.26
2018-09-04,79.8
2018-09-05,79.63
2018-09-06,79.65
2018-09-07,79.51
2018-09-08,79.58000000000001
2018-09-09,79.51
2018-09-10,79.69
2018-09-11,80.34
2018-09-12,80.91
2018-09-13,81.44
2018-09-14,81.5
2018-09-15,81.47
2018-09-16,81.5
2018-09-17,82.05
2018-09-18,82.65
2018-09-19,82.66
2018-09-20,82.65
2018-09-21,83.27
2018-09-22,82.96000000000001
2018-09-23,83.27
2018-09-24,83.25
2018-09-25,83.78
2018-09-26,82.99
2018-09-27,84.03
2018-09-28,84.12
2018-09-29,84.07499999999999
2018-09-30,84.12
2018-10-01,83.57
2018-10-02,83.1
2018-10-03,84.63
2018-10-04,83.9
2018-10-05,83.43
2018-10-06,83.665
2018-10-07,83.43
2018-10-08,83.33
2018-10-09,82.9
2018-10-10,82.36
2018-10-11,81.41
2018-10-12,82.28
2018-10-13,81.845
2018-10-14,82.28
2018-10-15,82.15
2018-10-16,83.35
2018-10-17,83.36
2018-10-18,82.66
2018-10-19,81.58
2018-10-20,82.12
2018-10-21,81.58
2018-10-22,81.0
2018-10-23,80.66
2018-10-24,80.83
2018-10-25,80.72
2018-10-26,80.15
2018-10-27,80.435
2018-10-28,80.15
2018-10-29,80.72
2018-10-30,80.58
2018-10-31,81.48
2018-11-01,81.93
2018-11-02,82.14
2018-11-03,82.035
2018-11-04,82.14
2018-11-05,82.14
2018-11-06,82.58
2018-11-07,83.03
2018-11-08,82.91
2018-11-09,82.34
2018-11-10,82.625
2018-11-11,82.34
2018-11-12,81.95
2018-11-13,81.87
2018-11-14,82.01
2018-11-15,82.04
2018-11-16,81.64
2018-11-17,81.84
2018-11-18,81.64
2018-11-19,81.58
2018-11-20,80.83
2018-11-21,81.28
2018-11-22,81.41
2018-11-23,80.84
2018-11-24,81.125
2018-11-25,80.84
2018-11-26,80.54
2018-11-27,81.25
2018-11-28,81.76
2018-11-29,82.25
2018-11-30,82.11
2018-12-01,82.18
2018-12-02,82.11
2018-12-03,82.89
2018-12-04,83.02
2018-12-05,82.88
2018-12-06,81.9
2018-12-07,82.04
2018-12-08,81.97
2018-12-09,82.04
2018-12-10,81.14
2018-12-11,80.97
2018-12-12,81.27
2018-12-13,81.54
2018-12-14,81.32
2018-12-15,81.43
2018-12-16,81.32
2018-12-17,81.42
2018-12-18,81.35
2018-12-19,81.68
2018-12-20,81.69
2018-12-21,81.07
2018-12-22,81.38
2018-12-23,81.07
2018-12-24,80.22
2018-12-25,79.44
2018-12-26,79.82
2018-12-27,80.26
2018-12-28,80.98
2018-12-29,81.24
2018-12-30,81.11000000000001
2018-12-31,81.24
2019-01-01,81.24
2019-01-02,81.24
2019-01-03,81.49
2019-01-04,82.66
2019-01-05,82.07499999999999
2019-01-06,82.66
2019-01-07,82.66
2019-01-08,82.47
2019-01-09,83.17
2019-01-10,83.39
2019-01-11,83.43
2019-01-12,83.41
2019-01-13,83.43
2019-01-14,83.01
2019-01-15,83.05
2019-01-16,82.95
2019-01-17,83.31
2019-01-18,83.78
2019-01-19,83.54500000000002
2019-01-20,83.78
2019-01-21,83.67
2019-01-22,83.61
2019-01-23,84.07
2019-01-24,83.55
2019-01-25,83.85
2019-01-26,83.69999999999999
2019-01-27,83.85
2019-01-28,83.41
2019-01-29,83.91
2019-01-30,84.41
2019-01-31,85.01
2019-02-01,85.0
2019-02-02,85.00500000000001
2019-02-03,85.0
2019-02-04,85.1
2019-02-05,85.79
2019-02-06,85.16
2019-02-07,84.38
2019-02-08,84.11
2019-02-09,84.245
2019-02-10,84.11
2019-02-11,84.21
2019-02-12,84.85
2019-02-13,83.53
2019-02-14,82.94
2019-02-15,83.46
2019-02-16,83.19999999999999
2019-02-17,83.46
2019-02-18,82.84
2019-02-19,82.62
2019-02-20,83.45
2019-02-21,83.01
2019-02-22,83.48
2019-02-23,83.245
2019-02-24,83.48
2019-02-25,83.92
2019-02-26,83.67
2019-02-27,83.51
2019-02-28,83.48
2019-03-01,83.8
2019-03-02,83.64000000000001
2019-03-03,83.8
2019-03-04,83.68
2019-03-05,83.62
2019-03-06,84.46
2019-03-07,83.71
2019-03-08,84.085
2019-03-09,83.71
2019-03-10,83.71
2019-03-11,83.33
2019-03-12,83.55
2019-03-13,83.45
2019-03-14,82.81
2019-03-15,83.53
2019-03-16,83.17000000000002
2019-03-17,83.53
2019-03-18,83.26
2019-03-19,83.35
2019-03-20,83.42
2019-03-21,83.65
2019-03-22,83.08
2019-03-23,83.365
2019-03-24,83.08
2019-03-25,83.06
2019-03-26,83.38
2019-03-27,82.44
2019-03-28,82.64
2019-03-29,82.79
2019-03-30,82.715
2019-03-31,82.79
2019-04-01,83.07
2019-04-02,83.47
2019-04-03,83.73
2019-04-04,83.64
2019-04-05,83.72
2019-04-06,83.68
2019-04-07,83.72
2019-04-08,83.98
2019-04-09,84.1
2019-04-10,84.12
2019-04-11,83.62
2019-04-12,83.89
2019-04-13,83.755
2019-04-14,83.89
2019-04-15,83.49
2019-04-16,84.18
2019-04-17,84.23
2019-04-18,83.91
2019-04-19,84.05
2019-04-20,83.98
2019-04-21,84.05
2019-04-22,84.61
2019-04-23,84.8
2019-04-24,84.55
2019-04-25,84.18
2019-04-26,84.28
2019-04-27,84.22999999999999
2019-04-28,84.28
2019-04-29,84.27
2019-04-30,83.92
2019-05-01,84.095
2019-05-02,84.41
2019-05-03,84.56
2019-05-04,84.485
2019-05-05,84.56
2019-05-06,84.52
2019-05-07,84.0
2019-05-08,83.58
2019-05-09,83.78999999999999
2019-05-10,82.46
2019-05-11,82.46
2019-05-12,82.46
2019-05-13,82.46
2019-05-14,83.78
2019-05-15,83.93
2019-05-16,84.28
2019-05-17,84.16
2019-05-18,84.22
2019-05-19,84.16
2019-05-20,83.86
2019-05-21,85.1
2019-05-22,85.85
2019-05-23,85.19
2019-05-24,85.25
2019-05-25,85.22
2019-05-26,85.25
2019-05-27,85.66
2019-05-28,85.14
2019-05-29,85.79
2019-05-30,86.11
2019-05-31,86.36
2019-06-01,86.23499999999999
2019-06-02,86.36
2019-06-03,87.37
2019-06-04,86.9
2019-06-05,87.01
2019-06-06,87.6
2019-06-07,87.67
2019-06-08,87.63499999999999
2019-06-09,87.67
2019-06-10,87.85
2019-06-11,88.93
2019-06-12,88.39
2019-06-13,89.39
2019-06-14,89.14
2019-06-15,89.265
2019-06-16,89.14
2019-06-17,89.23
2019-06-18,90.08
2019-06-19,90.17
2019-06-20,91.33
2019-06-21,90.92
2019-06-22,91.125
2019-06-23,90.92
2019-06-24,90.79
2019-06-25,90.57
2019-06-26,90.85
2019-06-27,91.03
2019-06-28,90.81
2019-06-29,90.92000000000002
2019-06-30,90.81
2019-07-01,91.5
2019-07-02,91.68
2019-07-03,92.23
2019-07-04,92.43
2019-07-05,92.05
2019-07-06,92.24000000000001
2019-07-07,92.05
2019-07-08,92.07
2019-07-09,92.29
2019-07-10,92.19
2019-07-11,91.23
2019-07-12,91.01
2019-07-13,91.12
2019-07-14,91.01
2019-07-15,90.68
2019-07-16,90.59
2019-07-17,90.44
2019-07-18,90.15
2019-07-19,90.07
2019-07-20,90.10999999999999
2019-07-21,90.07
2019-07-22,89.62
2019-07-23,90.12
2019-07-24,90.33
2019-07-25,90.47
2019-07-26,90.45
2019-07-27,90.46000000000001
2019-07-28,90.45
2019-07-29,90.35
2019-07-30,90.69
2019-07-31,90.67
2019-08-01,90.43
2019-08-02,88.85
2019-08-03,89.63999999999999
2019-08-04,88.85
2019-08-05,87.6
2019-08-06,88.64
2019-08-07,88.6
2019-08-08,89.19
2019-08-09,88.46
2019-08-10,88.82499999999999
2019-08-11,88.46
2019-08-12,88.72
2019-08-13,88.39
2019-08-14,87.51
2019-08-15,87.15
2019-08-16,86.89
2019-08-17,87.02
2019-08-18,86.89
2019-08-19,87.61
2019-08-20,88.21
2019-08-21,88.14
2019-08-22,88.01
2019-08-23,87.7
2019-08-24,87.85500000000002
2019-08-25,87.7
2019-08-26,87.82
2019-08-27,88.32
2019-08-28,88.8
2019-08-29,89.5
2019-08-30,90.08
2019-08-31,89.78999999999999
2019-09-01,90.08
2019-09-02,90.28
2019-09-03,90.03
2019-09-04,90.66
2019-09-05,91.41
2019-09-06,90.99
2019-09-07,91.2
2019-09-08,90.99
2019-09-09,90.35
2019-09-10,90.08
2019-09-11,90.71
2019-09-12,90.57
2019-09-13,90.49
2019-09-14,90.52999999999999
2019-09-15,90.49
2019-09-16,91.26
2019-09-17,90.89
2019-09-18,91.07
2019-09-19,90.27
2019-09-20,90.41
2019-09-21,90.34
2019-09-22,90.41
2019-09-23,89.99
2019-09-24,88.91
2019-09-25,88.91
2019-09-26,89.6
2019-09-27,89.15
2019-09-28,89.375
2019-09-29,89.15
2019-09-30,88.28
2019-10-01,88.24
2019-10-02,87.15
2019-10-03,86.72
2019-10-04,86.56
2019-10-05,86.64000000000001
2019-10-06,86.56
2019-10-07,87.1
2019-10-08,86.7
2019-10-09,87.27
2019-10-10,87.56
2019-10-11,86.34
2019-10-12,86.95
2019-10-13,86.34
2019-10-14,85.88
2019-10-15,86.27
2019-10-16,86.74
2019-10-17,86.79
2019-10-18,86.76
2019-10-19,86.775
2019-10-20,86.76
2019-10-21,87.29
2019-10-22,88.35
2019-10-23,88.58
2019-10-24,90.12
2019-10-25,89.83
2019-10-26,89.97500000000001
2019-10-27,89.83
2019-10-28,89.78
2019-10-29,90.72
2019-10-30,91.09
2019-10-31,90.71
2019-11-01,91.45
2019-11-02,91.08
2019-11-03,91.45
2019-11-04,91.45
2019-11-05,92.16
2019-11-06,92.78
2019-11-07,93.19
2019-11-08,92.28
2019-11-09,92.735
2019-11-10,92.28
2019-11-11,91.5
2019-11-12,91.53
2019-11-13,91.34
2019-11-14,90.89
2019-11-15,91.2
2019-11-16,91.045
2019-11-17,91.2
2019-11-18,91.32
2019-11-19,91.65
2019-11-20,91.74
2019-11-21,91.86
2019-11-22,91.72
2019-11-23,91.78999999999999
2019-11-24,91.72
2019-11-25,91.82
2019-11-26,91.06
2019-11-27,91.28
2019-11-28,91.17
2019-11-29,91.4
2019-11-30,91.28500000000001
2019-12-01,91.4
2019-12-02,90.86
2019-12-03,90.09
2019-12-04,90.67
2019-12-05,90.59
2019-12-06,91.23
2019-12-07,90.91
2019-12-08,91.23
2019-12-09,91.32
2019-12-10,90.83
2019-12-11,91.63
2019-12-12,92.11
2019-12-13,92.71
2019-12-14,92.41
2019-12-15,92.71
2019-12-16,93.12
2019-12-17,93.39
2019-12-18,93.8
2019-12-19,93.89
2019-12-20,94.12
2019-12-21,94.005
2019-12-22,94.12
2019-12-23,94.35
2019-12-24,94.32
2019-12-25,94.6
2019-12-26,94.78
2019-12-27,95.52
2019-12-28,95.14999999999999
2019-12-29,95.52
2019-12-30,95.33
2019-12-31,95.33
2020-01-01,95.33
2020-01-02,95.33
2020-01-03,96.1
2020-01-04,96.1
2020-01-05,96.1
2020-01-06,96.15
2020-01-07,96.15
2020-01-08,97.25
2020-01-09,97.72
2020-01-10,97.93
2020-01-11,97.82499999999999
2020-01-12,97.93
2020-01-13,99.01
2020-01-14,98.07
2020-01-15,98.48
2020-01-16,99.69
2020-01-17,100.93
2020-01-18,100.31
2020-01-19,100.93
2020-01-20,102.13
2020-01-21,101.95
2020-01-22,101.12
2020-01-23,100.45
2020-01-24,100.65
2020-01-25,100.55000000000001
2020-01-26,100.65
2020-01-27,98.87
2020-01-28,99.68
2020-01-29,100.21
2020-01-30,99.94
2020-01-31,99.19
2020-02-01,99.565
2020-02-02,99.19
2020-02-03,98.91
2020-02-04,99.32
2020-02-05,99.62
2020-02-06,99.27
2020-02-07,99.07
2020-02-08,99.16999999999999
2020-02-09,99.07
2020-02-10,98.44
2020-02-11,99.03
2020-02-12,99.64
2020-02-13,99.73
2020-02-14,99.49
2020-02-15,99.61000000000001
2020-02-16,99.49
2020-02-17,99.94
2020-02-18,99.18
2020-02-19,100.23
2020-02-20,100.35
2020-02-21,99.89
2020-02-22,100.12
2020-02-23,99.89
2020-02-24,99.89
2020-02-25,97.17
2020-02-26,97.27
2020-02-27,95.45
2020-02-28,92.46
2020-02-29,93.95499999999998
2020-03-01,92.46
2020-03-02,92.74
2020-03-03,93.27
2020-03-04,93.32
2020-03-05,93.27
2020-03-06,92.4
2020-03-07,92.83500000000001
2020-03-08,92.4
2020-03-09,92.4
2020-03-10,90.12
2020-03-11,90.05
2020-03-12,87.71
2020-03-13,87.91
2020-03-14,87.80999999999997
2020-03-15,87.91
2020-03-16,87.69
2020-03-17,87.61
2020-03-18,86.66
2020-03-19,87.99
2020-03-20,88.52
2020-03-21,88.255
2020-03-22,88.52
2020-03-23,88.04
2020-03-24,89.26
2020-03-25,89.53
2020-03-26,89.72
2020-03-27,89.31
2020-03-28,89.515
2020-03-29,89.31
2020-03-30,89.55
2020-03-31,89.97
2020-04-01,89.68
2020-04-02,90.05
2020-04-03,90.14
2020-04-04,90.095
2020-04-05,90.14
2020-04-06,90.47
2020-04-07,90.49
2020-04-08,90.66
2020-04-09,90.82
2020-04-10,90.7
2020-04-11,90.75999999999999
2020-04-12,90.7
2020-04-13,90.42
2020-04-14,90.54
2020-04-15,89.58
2020-04-16,89.61
2020-04-17,89.77
2020-04-18,89.69
2020-04-19,89.77
2020-04-20,89.84
2020-04-21,89.53
2020-04-22,90.15
2020-04-23,90.64
2020-04-24,90.14
2020-04-25,90.39
2020-04-26,90.14
2020-04-27,90.43
2020-04-28,90.8
2020-04-29,91.4
2020-04-30,91.4
2020-05-01,91.4
2020-05-02,91.4
2020-05-03,91.4
2020-05-04,91.09
2020-05-05,91.39
2020-05-06,91.2
2020-05-07,91.31
2020-05-08,91.44
2020-05-09,91.37500000000001
2020-05-10,91.44
2020-05-11,91.44
2020-05-12,91.22
2020-05-13,90.79
2020-05-14,90.4
2020-05-15,90.57
2020-05-16,90.48499999999999
2020-05-17,90.57
2020-05-18,91.77
2020-05-19,92.29
2020-05-20,93.06
2020-05-21,92.26
2020-05-22,92.11
2020-05-23,92.185
2020-05-24,92.11
2020-05-25,92.8
2020-05-26,92.57
2020-05-27,92.38
2020-05-28,92.98
2020-05-29,92.34
2020-05-30,92.66
2020-05-31,92.34
2020-06-01,92.45
2020-06-02,93.02
2020-06-03,93.31
2020-06-04,92.42
2020-06-05,92.75
2020-06-06,92.58500000000001
2020-06-07,92.75
2020-06-08,92.97
2020-06-09,92.99
2020-06-10,92.93
2020-06-11,92.41
2020-06-12,92.66999999999999
2020-06-13,92.41
2020-06-14,92.41
2020-06-15,92.13
2020-06-16,92.58
2020-06-17,92.57
2020-06-18,92.31
2020-06-19,92.82
2020-06-20,92.565
2020-06-21,92.82
2020-06-22,93.24
2020-06-23,94.17
2020-06-24,93.705
2020-06-25,93.67
2020-06-26,93.82
2020-06-27,93.745
2020-06-28,93.82
2020-06-29,93.64
2020-06-30,93.45
2020-07-01,93.545
2020-07-02,94.57
2020-07-03,95.01
2020-07-04,94.78999999999999
2020-07-05,95.01
2020-07-06,95.85
2020-07-07,95.72
2020-07-08,95.65
2020-07-09,95.26
2020-07-10,95.55
2020-07-11,95.40500000000002
2020-07-12,95.55
2020-07-13,95.18
2020-07-14,94.52
2020-07-15,95.31
2020-07-16,95.52
2020-07-17,96.09
2020-07-18,95.805
2020-07-19,96.09
2020-07-20,97.2
2020-07-21,97.87
2020-07-22,97.98
2020-07-23,98.69
2020-07-24,98.9
2020-07-25,98.79500000000002
2020-07-26,98.9
2020-07-27,99.36
2020-07-28,99.73
2020-07-29,100.27
2020-07-30,99.32
2020-07-31,99.89
2020-08-01,99.60500000000002
2020-08-02,99.89
2020-08-03,100.63
2020-08-04,101.06
2020-08-05,102.21
2020-08-06,101.87
2020-08-07,101.23
2020-08-08,101.55000000000001
2020-08-09,101.23
2020-08-10,101.14
2020-08-11,101.73
2020-08-12,103.07
2020-08-13,104.19
2020-08-14,104.18
2020-08-15,104.185
2020-08-16,104.18
2020-08-17,103.93
2020-08-18,103.74
2020-08-19,104.08
2020-08-20,102.22
2020-08-21,102.36
2020-08-22,102.28999999999999
2020-08-23,102.36
2020-08-24,103.21
2020-08-25,103.58
2020-08-26,104.06
2020-08-27,103.4
2020-08-28,102.69
2020-08-29,103.04499999999999
2020-08-30,102.69
2020-08-31,102.3
2020-09-01,102.95
2020-09-02,102.56
2020-09-03,102.07
2020-09-04,101.68
2020-09-05,101.875
2020-09-06,101.68
2020-09-07,101.92
2020-09-08,100.8
2020-09-09,100.63
2020-09-10,101.13
2020-09-11,101.44
2020-09-12,101.285
2020-09-13,101.44
2020-09-14,101.89
2020-09-15,103.06
2020-09-16,102.74
2020-09-17,102.89
2020-09-18,102.36
2020-09-19,102.625
2020-09-20,102.36
2020-09-21,100.11
2020-09-22,100.8
2020-09-23,101.52
2020-09-24,101.29
2020-09-25,101.23
2020-09-26,101.26000000000002
2020-09-27,101.23
2020-09-28,101.88
2020-09-29,101.45
2020-09-30,101.25
2020-10-01,100.92
2020-10-02,100.97
2020-10-03,100.945
2020-10-04,100.97
2020-10-05,101.41
2020-10-06,101.44
2020-10-07,100.29
2020-10-08,100.57
2020-10-09,100.58
2020-10-10,100.57499999999999
2020-10-11,100.58
2020-10-12,101.02
2020-10-13,100.84
2020-10-14,101.39
2020-10-15,100.44
2020-10-16,100.22
2020-10-17,100.32999999999998
2020-10-18,100.22
2020-10-19,100.19
2020-10-20,100.28
2020-10-21,100.0
2020-10-22,100.58
2020-10-23,100.67
2020-10-24,100.625
2020-10-25,100.67
2020-10-26,99.9
2020-10-27,99.21
2020-10-28,96.78
2020-10-29,97.17
2020-10-30,96.84
2020-10-31,97.005
2020-11-01,96.84
2020-11-02,98.15
2020-11-03,99.13
2020-11-04,98.64
2020-11-05,100.37
2020-11-06,101.1
2020-11-07,100.735
2020-11-08,101.1
2020-11-09,102.43
2020-11-10,102.39
2020-11-11,102.53
2020-11-12,102.68
2020-11-13,102.66
2020-11-14,102.66999999999999
2020-11-15,102.66
2020-11-16,103.36
2020-11-17,102.91
2020-11-18,103.48
2020-11-19,102.92
2020-11-20,103.06
2020-11-21,102.99000000000001
2020-11-22,103.06
2020-11-23,103.08
2020-11-24,103.68
2020-11-25,103.9
2020-11-26,104.29
2020-11-27,104.28
2020-11-28,104.285
2020-11-29,104.28
2020-11-30,103.35
2020-12-01,104.11
2020-12-02,104.67
2020-12-03,104.17
2020-12-04,104.4
2020-12-05,104.28500000000001
2020-12-06,104.4
2020-12-07,104.38
2020-12-08,104.27
2020-12-09,105.51
2020-12-10,106.73
2020-12-11,106.9
2020-12-12,106.81500000000001
2020-12-13,106.9
2020-12-14,106.47
2020-12-15,106.31
2020-12-16,106.53
2020-12-17,106.8
2020-12-18,106.9
2020-12-19,106.85000000000001
2020-12-20,106.9
2020-12-21,104.64
2020-12-22,105.98
2020-12-23,106.35
2020-12-24,106.3
2020-12-25,106.77
2020-12-26,106.53499999999998
2020-12-27,106.77
2020-12-28,106.99
2020-12-29,107.29
2020-12-30,107.49
2020-12-31,107.38999999999999
2021-01-01,107.49
2021-01-02,107.49
2021-01-03,107.49
2021-01-04,108.93
2021-01-05,109.32
2021-01-06,109.58
2021-01-07,109.44999999999999
2021-01-08,111.0
2021-01-09,111.0
2021-01-10,111.0
2021-01-11,111.3
2021-01-12,110.96
2021-01-13,110.91
2021-01-14,111.41
2021-01-15,110.4
2021-01-16,110.90500000000002
2021-01-17,110.4
2021-01-18,110.77
2021-01-19,110.0
2021-01-20,110.43
2021-01-21,109.72
2021-01-22,109.1
2021-01-23,109.41
2021-01-24,109.1
2021-01-25,109.64
2021-01-26,109.66
2021-01-27,108.39
2021-01-28,108.24
2021-01-29,106.72
2021-01-30,107.47999999999999
2021-01-31,106.72
2021-02-01,107.19
2021-02-02,108.42
2021-02-03,108.17
2021-02-04,108.56
2021-02-05,108.85
2021-02-06,108.705
2021-02-07,108.85
2021-02-08,109.61
2021-02-09,109.27
2021-02-10,108.77
2021-02-11,109.0
2021-02-12,109.12
2021-02-13,109.06
2021-02-14,109.12
2021-02-15,110.16
2021-02-16,110.47
2021-02-17,109.19
2021-02-18,108.43
2021-02-19,109.35
2021-02-20,109.09
2021-02-21,109.22
2021-02-22,108.74
2021-02-23,108.74
2021-02-24,107.85
2021-02-25,108.09
2021-02-26,107.12
2021-02-27,107.605
2021-02-28,107.12
2021-03-01,107.71
2021-03-02,107.97
2021-03-03,108.19
2021-03-04,107.69
2021-03-05,107.75
2021-03-06,107.72
2021-03-07,107.75
2021-03-08,107.75
2021-03-09,108.58
2021-03-10,108.55
2021-03-11,109.38
2021-03-12,109.84
2021-03-13,109.60999999999999
2021-03-14,109.84
2021-03-15,110.71
2021-03-16,110.76
2021-03-17,109.62
2021-03-18,109.6
2021-03-19,109.11
2021-03-20,109.35499999999999
2021-03-21,109.11
2021-03-22,109.24
2021-03-23,108.81
2021-03-24,109.05
2021-03-25,107.91
2021-03-26,108.78
2021-03-27,108.34500000000001
2021-03-28,108.78
2021-03-29,109.53
2021-03-30,109.46
2021-03-31,110.06
2021-04-01,109.62
2021-04-02,110.07
2021-04-03,109.845
2021-04-04,110.07
2021-04-05,109.38
2021-04-06,108.71
2021-04-07,108.75
2021-04-08,108.89
2021-04-09,108.57
2021-04-10,108.73000000000002
2021-04-11,108.57
2021-04-12,109.47
2021-04-13,109.63
2021-04-14,110.38
2021-04-15,110.35
2021-04-16,111.08
2021-04-17,110.715
2021-04-18,111.08
2021-04-19,110.56
2021-04-20,110.13
2021-04-21,110.6
2021-04-22,111.65
2021-04-23,111.5
2021-04-24,111.575
2021-04-25,111.5
2021-04-26,111.72
2021-04-27,111.22
2021-04-28,110.55
2021-04-29,110.48
2021-04-30,109.32
2021-05-01,109.9
2021-05-02,109.32
2021-05-03,109.32
2021-05-04,110.01
2021-05-05,111.77
2021-05-06,111.97
2021-05-07,112.71
2021-05-08,112.33999999999999
2021-05-09,112.71
2021-05-10,112.8
2021-05-11,112.2
2021-05-12,112.35
2021-05-13,111.62
2021-05-14,111.68
2021-05-15,111.64999999999999
2021-05-16,111.68
2021-05-17,111.87
2021-05-18,113.34
2021-05-19,112.07
2021-05-20,111.95
2021-05-21,112.52
2021-05-22,112.23499999999999
2021-05-23,112.52
2021-05-24,112.57
2021-05-25,113.17
2021-05-26,113.6
2021-05-27,114.5
2021-05-28,114.29
2021-05-29,114.39500000000001
2021-05-30,114.29
2021-05-31,114.24
2021-06-01,115.33
2021-06-02,116.75
2021-06-03,116.35
2021-06-04,116.3
2021-06-05,116.32499999999999
2021-06-06,116.3
2021-06-07,116.4
2021-06-08,115.8
2021-06-09,116.57
2021-06-10,116.13
2021-06-11,116.18
2021-06-12,116.155
2021-06-13,116.18
2021-06-14,116.47
2021-06-15,116.47
2021-06-16,115.71
2021-06-17,115.1
2021-06-18,114.62
2021-06-19,114.86000000000001
2021-06-20,114.62
2021-06-21,114.65
2021-06-22,114.58
2021-06-23,115.05
2021-06-24,114.49
2021-06-25,114.95
2021-06-26,114.72
2021-06-27,114.95
2021-06-28,114.57
2021-06-29,113.55
2021-06-30,115.07
2021-07-01,115.58
2021-07-02,116.07
2021-07-03,115.82499999999999
2021-07-04,116.07
2021-07-05,116.32
2021-07-06,115.98
2021-07-07,116.85
2021-07-08,115.92
2021-07-09,115.72
2021-07-10,115.82000000000002
2021-07-11,115.72
2021-07-12,116.22
2021-07-13,116.9
2021-07-14,116.18
2021-07-15,115.35
2021-07-16,114.24
2021-07-17,114.79499999999999
2021-07-18,114.24
2021-07-19,112.11
2021-07-20,112.25
2021-07-21,112.54
2021-07-22,113.18
2021-07-23,112.6
2021-07-24,112.89
2021-07-25,112.6
2021-07-26,112.95
2021-07-27,112.7
2021-07-28,113.98
2021-07-29,114.3
2021-07-30,113.58
2021-07-31,113.94
2021-08-01,113.58
2021-08-02,113.79
2021-08-03,113.68
2021-08-04,113.87
2021-08-05,114.36
2021-08-06,113.56
2021-08-07,113.95999999999998
2021-08-08,113.56
2021-08-09,113.55
2021-08-10,114.04
2021-08-11,114.66
2021-08-12,114.73
2021-08-13,114.39
2021-08-14,114.55999999999999
2021-08-15,114.39
2021-08-16,114.74
2021-08-17,115.45
2021-08-18,114.79
2021-08-19,113.15
2021-08-20,112.38
2021-08-21,112.76499999999999
2021-08-22,112.38
2021-08-23,113.56
2021-08-24,113.78
2021-08-25,114.0
2021-08-26,113.23
2021-08-27,114.22
2021-08-28,113.725
2021-08-29,114.22
2021-08-30,115.41
2021-08-31,114.83
2021-09-01,116.19
2021-09-02,116.91
2021-09-03,117.07
2021-09-04,116.99000000000001
2021-09-05,117.07
2021-09-06,117.52
2021-09-07,116.84
2021-09-08,117.37
2021-09-09,116.42
2021-09-10,116.54
2021-09-11,116.47999999999999
2021-09-12,116.54
2021-09-13,117.8
2021-09-14,117.67
2021-09-15,117.61
2021-09-16,117.47
2021-09-17,117.14
2021-09-18,117.305
2021-09-19,117.14
2021-09-20,115.28
2021-09-21,115.07
2021-09-22,116.55
2021-09-23,116.97
2021-09-24,116.92
2021-09-25,116.945
2021-09-26,116.92
2021-09-27,117.3
2021-09-28,116.65
2021-09-29,116.46
2021-09-30,117.17
2021-10-01,116.8
2021-10-02,116.985
2021-10-03,116.8
2021-10-04,116.76
2021-10-05,119.04
2021-10-06,117.9
2021-10-07,119.23
2021-10-08,119.41
2021-10-09,119.32000000000001
2021-10-10,119.41
2021-10-11,119.78
2021-10-12,119.72
2021-10-13,119.47
2021-10-14,119.81
2021-10-15,119.62
2021-10-16,119.71499999999999
2021-10-17,119.62
2021-10-18,120.03
2021-10-19,120.53
2021-10-20,120.87
2021-10-21,119.51
2021-10-22,119.0
2021-10-23,119.255
2021-10-24,119.0
2021-10-25,120.08
2021-10-26,119.5
2021-10-27,119.54
2021-10-28,119.17
2021-10-29,118.23
2021-10-30,118.70000000000002
2021-10-31,118.23
2021-11-01,119.14
2021-11-02,118.8
2021-11-03,118.59
2021-11-04,118.695
2021-11-05,118.4
2021-11-06,118.4
2021-11-07,118.4
2021-11-08,119.2
2021-11-09,118.77
2021-11-10,118.31
2021-11-11,118.9
2021-11-12,117.65
2021-11-13,118.275
2021-11-14,117.65
2021-11-15,117.84
2021-11-16,117.76
2021-11-17,117.92
2021-11-18,116.57
2021-11-19,114.47
2021-11-20,115.52000000000001
2021-11-21,114.47
2021-11-22,111.56
2021-11-23,112.78
2021-11-24,112.8
2021-11-25,112.82
2021-11-26,110.66
2021-11-27,111.73999999999998
2021-11-28,110.66
2021-11-29,111.3
2021-11-30,111.3
2021-12-01,112.05
2021-12-02,112.07
2021-12-03,111.36
2021-12-04,111.715
2021-12-05,111.36
2021-12-06,110.2
2021-12-07,110.81
2021-12-08,109.57
2021-12-09,109.99
2021-12-10,109.43
2021-12-11,109.71000000000001
2021-12-12,109.43
2021-12-13,107.75
2021-12-14,107.69
2021-12-15,107.72
2021-12-16,109.05
2021-12-17,108.79
2021-12-18,108.92
2021-12-19,108.79
2021-12-20,108.39
2021-12-21,108.59
2021-12-22,109.03
2021-12-23,108.57
2021-12-24,108.55
2021-12-25,108.56
2021-12-26,108.55
2021-12-27,108.93
2021-12-28,109.31
2021-12-29,108.94
2021-12-30,109.48
2021-12-31,109.21000000000001
2022-01-01,109.48
2022-01-02,109.48
2022-01-03,110.08
2022-01-04,110.21
2022-01-05,109.71
2022-01-06,108.78
2022-01-07,109.24499999999999
2022-01-08,108.78
2022-01-09,108.78
2022-01-10,108.46
2022-01-11,108.92
2022-01-12,109.41
2022-01-13,107.96
2022-01-14,106.8
2022-01-15,107.37999999999998
2022-01-16,106.8
2022-01-17,106.33
2022-01-18,103.81
2022-01-19,105.51
2022-01-20,106.3
2022-01-21,105.5
2022-01-22,105.89999999999999
2022-01-23,105.5
2022-01-24,103.4
2022-01-25,103.54
2022-01-26,104.27
2022-01-27,104.62
2022-01-28,104.71
2022-01-29,104.66499999999999
2022-01-30,104.71
2022-01-31,105.05
2022-02-01,105.31
2022-02-02,105.29
2022-02-03,104.81
2022-02-04,104.74
2022-02-05,104.77499999999999
2022-02-06,104.74
2022-02-07,104.72
2022-02-08,105.3
2022-02-09,105.78
2022-02-10,105.81
2022-02-11,105.16
2022-02-12,105.48500000000001
2022-02-13,105.16
2022-02-14,104.71
2022-02-15,105.53
2022-02-16,105.88
2022-02-17,104.97
2022-02-18,104.14
2022-02-19,104.555
2022-02-20,104.14
2022-02-21,101.14
2022-02-22,101.56
2022-02-23,101.35
2022-02-24,94.83
2022-02-25,98.74
2022-02-26,96.785
2022-02-27,98.74
2022-02-28,98.5
2022-03-01,98.5
2022-03-02,98.5
2022-03-03,98.5
2022-03-04,98.5
2022-03-05,98.5
2022-03-06,98.5
2022-03-07,98.5
2022-03-08,98.5
2022-03-09,98.48
2022-03-10,98.48
2022-03-11,98.48
2022-03-12,98.48
2022-03-13,98.48
2022-03-14,98.47
2022-03-15,98.47
2022-03-16,98.47
2022-03-17,98.47
2022-03-18,98.47
2022-03-19,98.47
2022-03-20,98.47
2022-03-21,98.46
2022-03-22,98.46
2022-03-23,98.46
2022-03-24,98.75
2022-03-25,98.55
2022-03-26,98.65
2022-03-27,98.55
2022-03-28,98.17
2022-03-29,100.19
2022-03-30,103.92
2022-03-31,106.08
2022-04-01,106.57
2022-04-02,106.325
2022-04-03,106.57
2022-04-04,106.54
2022-04-05,105.32
2022-04-06,104.82
2022-04-07,104.96
2022-04-08,104.82
2022-04-09,104.88999999999999
2022-04-10,104.82
2022-04-11,104.51
2022-04-12,104.38
2022-04-13,104.21
2022-04-14,103.16
2022-04-15,103.3
2022-04-16,103.23
2022-04-17,103.3
2022-04-18,102.85
2022-04-19,102.71
2022-04-20,102.87
2022-04-21,102.4
2022-04-22,102.15
2022-04-23,102.275
2022-04-24,102.15
2022-04-25,101.62
2022-04-26,102.52
2022-04-27,103.48
2022-04-28,103.1
2022-04-29,103.59
2022-04-30,103.345
2022-05-01,103.59
2022-05-02,103.59
2022-05-03,103.59
2022-05-04,103.03
2022-05-05,103.46
2022-05-06,103.2
2022-05-07,103.33
2022-05-08,103.2
2022-05-09,103.2
2022-05-10,103.2
2022-05-11,103.15
2022-05-12,102.13
2022-05-13,102.17
2022-05-14,102.14999999999999
2022-05-15,102.17
2022-05-16,102.7
2022-05-17,103.18
2022-05-18,103.58
2022-05-19,103.48
2022-05-20,102.76
2022-05-21,103.12000000000002
2022-05-22,102.76
2022-05-23,103.46
2022-05-24,101.76
2022-05-25,102.31
2022-05-26,102.79
2022-05-27,102.81
2022-05-28,102.80000000000001
2022-05-29,102.81
2022-05-30,102.66
2022-05-31,102.32
2022-06-01,102.4
2022-06-02,101.86
2022-06-03,100.96
2022-06-04,101.41000000000001
2022-06-05,100.96
2022-06-06,100.51
2022-06-07,100.64
2022-06-08,100.87
2022-06-09,100.51
2022-06-10,100.55
2022-06-11,100.53
2022-06-12,100.55
2022-06-13,100.55
2022-06-14,100.49
2022-06-15,101.11
2022-06-16,101.81
2022-06-17,101.72
2022-06-18,101.765
2022-06-19,101.72
2022-06-20,102.48
2022-06-21,102.06
2022-06-22,102.28
2022-06-23,102.65
2022-06-24,102.4
2022-06-25,102.525
2022-06-26,102.4
2022-06-27,102.62
2022-06-28,102.55
2022-06-29,102.09
2022-06-30,99.79
2022-07-01,99.92
2022-07-02,99.85500000000002
2022-07-03,99.92
2022-07-04,99.93
2022-07-05,100.01
2022-07-06,99.88
2022-07-07,100.16
2022-07-08,100.15
2022-07-09,100.155
2022-07-10,100.15
2022-07-11,99.43
2022-07-12,98.75
2022-07-13,97.71
2022-07-14,97.54
2022-07-15,98.25
2022-07-16,97.89500000000001
2022-07-17,98.25
2022-07-18,98.07
2022-07-19,97.89
2022-07-20,97.73
2022-07-21,96.98
2022-07-22,97.43
2022-07-23,97.20500000000001
2022-07-24,97.43
2022-07-25,98.38
2022-07-26,99.99
2022-07-27,100.02
2022-07-28,99.99
2022-07-29,100.21
2022-07-30,100.1
2022-07-31,100.21
2022-08-01,99.76
2022-08-02,99.1
2022-08-03,99.23
2022-08-04,99.13
2022-08-05,98.08
2022-08-06,98.605
2022-08-07,98.08
2022-08-08,98.8
2022-08-09,99.56
2022-08-10,100.14
2022-08-11,99.58
2022-08-12,99.75
2022-08-13,99.66499999999999
2022-08-14,99.75
2022-08-15,99.92
2022-08-16,100.64
2022-08-17,100.6
2022-08-18,100.58
2022-08-19,100.4
2022-08-20,100.49
2022-08-21,100.4
2022-08-22,100.85
2022-08-23,101.45
2022-08-24,101.21
2022-08-25,101.38
2022-08-26,101.77
2022-08-27,101.575
2022-08-28,101.77
2022-08-29,102.16
2022-08-30,102.27
2022-08-31,103.52
2022-09-01,104.03
2022-09-02,104.47
2022-09-03,104.24999999999999
2022-09-04,104.47
2022-09-05,105.36
2022-09-06,103.88
2022-09-07,103.66
2022-09-08,103.37
2022-09-09,104.02
2022-09-10,103.695
2022-09-11,104.02
2022-09-12,104.68
2022-09-13,104.51
2022-09-14,104.33
2022-09-15,104.44
2022-09-16,104.36
2022-09-17,104.39999999999999
2022-09-18,104.36
2022-09-19,104.68
2022-09-20,99.88
2022-09-21,97.5
2022-09-22,97.81
2022-09-23,96.59
2022-09-24,97.19999999999999
2022-09-25,96.59
2022-09-26,94.7
2022-09-27,94.76
2022-09-28,94.88
2022-09-29,94.7
2022-09-30,94.91
2022-10-01,94.805
2022-10-02,94.91
2022-10-03,95.98
2022-10-04,96.07
2022-10-05,95.88
2022-10-06,95.87
2022-10-07,95.18
2022-10-08,95.525
2022-10-09,95.18
2022-10-10,95.4
2022-10-11,95.83
2022-10-12,95.9
2022-10-13,95.9
2022-10-14,95.97
2022-10-15,95.935
2022-10-16,95.97
2022-10-17,96.59
2022-10-18,96.75
2022-10-19,96.29
2022-10-20,96.7
2022-10-21,96.92
2022-10-22,96.81
2022-10-23,96.92
2022-10-24,97.05
2022-10-25,97.72
2022-10-26,97.7
2022-10-27,98.38
2022-10-28,98.42
2022-10-29,98.39999999999999
2022-10-30,98.42
2022-10-31,98.35
2022-11-01,98.43
2022-11-02,98.38
2022-11-03,98.08
2022-11-04,98.22999999999999
2022-11-05,98.08
2022-11-06,98.08
2022-11-07,99.07
2022-11-08,99.14
2022-11-09,98.45
2022-11-10,99.41
2022-11-11,99.56
2022-11-12,99.485
2022-11-13,99.56
2022-11-14,99.98
2022-11-15,99.64
2022-11-16,99.59
2022-11-17,99.34
2022-11-18,99.1
2022-11-19,99.21999999999998
2022-11-20,99.1
2022-11-21,98.2
2022-11-22,98.92
2022-11-23,99.46
2022-11-24,99.42
2022-11-25,99.1
2022-11-26,99.26000000000002
2022-11-27,99.1
2022-11-28,98.66
2022-11-29,98.96
2022-11-30,98.71
2022-12-01,99.12
2022-12-02,98.87
2022-12-03,98.99500000000002
2022-12-04,98.87
2022-12-05,99.29
2022-12-06,98.91
2022-12-07,98.74
2022-12-08,98.67
2022-12-09,98.52
2022-12-10,98.595
2022-12-11,98.52
2022-12-12,98.27
2022-12-13,98.46
2022-12-14,97.45
2022-12-15,96.29
2022-12-16,96.52
2022-12-17,96.405
2022-12-18,96.52
2022-12-19,96.4
2022-12-20,97.52
2022-12-21,97.36
2022-12-22,97.71
2022-12-23,97.77
2022-12-24,97.74000000000001
2022-12-25,97.77
2022-12-26,98.41
2022-12-27,98.94
2022-12-28,98.55
2022-12-29,98.9
2022-12-30,99.11
2022-12-31,99.005
2023-01-01,99.11
2023-01-02,99.11
2023-01-03,99.77
2023-01-04,99.64
2023-01-05,99.25
2023-01-06,99.3
2023-01-07,99.27499999999999
2023-01-08,99.3
2023-01-09,99.65
2023-01-10,99.26
2023-01-11,100.26
2023-01-12,100.54
2023-01-13,101.18
2023-01-14,100.86
2023-01-15,101.18
2023-01-16,102.28
2023-01-17,100.91
2023-01-18,101.06
2023-01-19,99.79
2023-01-20,99.93
2023-01-21,99.86000000000001
2023-01-22,99.93
2023-01-23,100.57
2023-01-24,99.93
2023-01-25,100.09
2023-01-26,100.42
2023-01-27,101.08
2023-01-28,100.75000000000001
2023-01-29,101.08
2023-01-30,101.81
2023-01-31,102.68
2023-02-01,103.14
2023-02-02,104.23
2023-02-03,104.16
2023-02-04,104.195
2023-02-05,104.16
2023-02-06,105.11
2023-02-07,105.01
2023-02-08,104.37
2023-02-09,104.69
2023-02-10,104.56
2023-02-11,104.625
2023-02-12,104.56
2023-02-13,104.8
2023-02-14,103.56
2023-02-15,100.79
2023-02-16,100.39
2023-02-17,100.72
2023-02-18,100.55499999999999
2023-02-19,100.72
2023-02-20,100.99
2023-02-21,101.97
2023-02-22,101.97
2023-02-23,101.97
2023-02-24,101.77
2023-02-25,101.77
2023-02-26,101.77
2023-02-27,102.73
2023-02-28,102.9
2023-03-01,103.47
2023-03-02,102.77
2023-03-03,103.2
2023-03-04,102.98499999999999
2023-03-05,103.2
2023-03-06,103.53
2023-03-07,103.44
2023-03-08,103.485
2023-03-09,103.34
2023-03-10,103.06
2023-03-11,103.2
2023-03-12,103.06
2023-03-13,103.09
2023-03-14,103.5
2023-03-15,102.76
2023-03-16,102.42
2023-03-17,103.47
2023-03-18,102.945
2023-03-19,103.47
2023-03-20,104.96
2023-03-21,104.78
2023-03-22,104.93
2023-03-23,104.82
2023-03-24,104.78
2023-03-25,104.79999999999998
2023-03-26,104.78
2023-03-27,105.8
2023-03-28,105.77
2023-03-29,106.22
2023-03-30,106.26
2023-03-31,105.88
2023-04-01,106.07000000000001
2023-04-02,105.88
2023-04-03,106.34
2023-04-04,106.33
2023-04-05,106.77
2023-04-06,106.71
2023-04-07,106.88
2023-04-08,106.795
2023-04-09,106.88
2023-04-10,108.16
2023-04-11,107.82
2023-04-12,108.06
2023-04-13,108.41
2023-04-14,108.74
2023-04-15,108.57499999999999
2023-04-16,108.74
2023-04-17,109.82
2023-04-18,110.58
2023-04-19,109.83
2023-04-20,110.94
2023-04-21,110.9
2023-04-22,110.92
2023-04-23,110.9
2023-04-24,110.66
2023-04-25,110.27
2023-04-26,110.46
2023-04-27,111.19
2023-04-28,110.58
2023-04-29,110.885
2023-04-30,110.58
2023-05-01,110.58
2023-05-02,108.22
2023-05-03,105.95
2023-05-04,105.94
2023-05-05,106.42
2023-05-06,106.18
2023-05-07,106.42
2023-05-08,106.04
2023-05-09,106.04
2023-05-10,107.77
2023-05-11,108.9
2023-05-12,108.14
2023-05-13,108.52000000000001
2023-05-14,108.14
2023-05-15,109.29
2023-05-16,109.82
2023-05-17,109.7
2023-05-18,109.73
2023-05-19,109.89
2023-05-20,109.81
2023-05-21,109.89
2023-05-22,110.01
2023-05-23,109.93
2023-05-24,109.91
2023-05-25,109.9
2023-05-26,110.61
2023-05-27,110.255
2023-05-28,110.61
2023-05-29,111.79
2023-05-30,111.24
2023-05-31,111.54
2023-06-01,111.69
2023-06-02,112.34
2023-06-03,112.01499999999999
2023-06-04,112.34
2023-06-05,111.78
2023-06-06,111.46
2023-06-07,111.71
2023-06-08,112.2
2023-06-09,111.73
2023-06-10,111.96499999999999
2023-06-11,111.73
2023-06-12,111.73
2023-06-13,113.04
2023-06-14,113.0
2023-06-15,114.03
2023-06-16,114.22
2023-06-17,114.125
2023-06-18,114.22
2023-06-19,115.07
2023-06-20,114.48
2023-06-21,115.27
2023-06-22,115.02
2023-06-23,114.39
2023-06-24,114.70499999999998
2023-06-25,114.39
2023-06-26,112.95
2023-06-27,113.59
2023-06-28,113.52
2023-06-29,113.79
2023-06-30,113.36
2023-07-01,113.57499999999999
2023-07-02,113.36
2023-07-03,113.23
2023-07-04,113.7
2023-07-05,113.44
2023-07-06,113.96
2023-07-07,114.3
2023-07-08,114.13
2023-07-09,114.3
2023-07-10,115.68
2023-07-11,115.89
2023-07-12,117.18
2023-07-13,116.91
2023-07-14,117.71
2023-07-15,117.31
2023-07-16,117.71
2023-07-17,118.37
2023-07-18,119.56
2023-07-19,119.22
2023-07-20,117.96
2023-07-21,117.9
2023-07-22,117.92999999999999
2023-07-23,117.9
2023-07-24,118.3
2023-07-25,119.29
2023-07-26,119.03
2023-07-27,119.58
2023-07-28,120.12
2023-07-29,119.85000000000001
2023-07-30,120.12
2023-07-31,121.63
2023-08-01,122.29
2023-08-02,122.5
2023-08-03,123.79
2023-08-04,121.88
2023-08-05,122.83499999999998
2023-08-06,121.88
2023-08-07,121.68
2023-08-08,121.56
2023-08-09,121.81
2023-08-10,123.08
2023-08-11,123.3
2023-08-12,123.19
2023-08-13,123.3
2023-08-14,122.65
2023-08-15,121.74
2023-08-16,120.05
2023-08-17,120.37
2023-08-18,121.45
2023-08-19,120.91000000000001
2023-08-20,121.45
2023-08-21,122.41
2023-08-22,122.86
2023-08-23,122.38
2023-08-24,122.09
2023-08-25,122.47
2023-08-26,122.28
2023-08-27,122.47
2023-08-28,123.31
2023-08-29,123.42
2023-08-30,123.47
2023-08-31,123.88
2023-09-01,124.0
2023-09-02,123.94
2023-09-03,124.0
2023-09-04,124.91
2023-09-05,124.82
2023-09-06,124.17
2023-09-07,122.18
2023-09-08,121.35
2023-09-09,121.76499999999999
2023-09-10,121.35
2023-09-11,120.43
2023-09-12,121.05
2023-09-13,120.42
2023-09-14,120.34
2023-09-15,120.73
2023-09-16,120.53500000000001
2023-09-17,120.73
2023-09-18,120.0
2023-09-19,118.75
2023-09-20,117.93
2023-09-21,116.27
2023-09-22,117.46
2023-09-23,116.86499999999998
2023-09-24,117.46
2023-09-25,117.72
2023-09-26,117.7
2023-09-27,118.0
2023-09-28,118.68
2023-09-29,118.66
2023-09-30,118.67000000000002
2023-10-01,118.66
2023-10-02,118.45
2023-10-03,118.36
2023-10-04,118.34
2023-10-05,118.37
2023-10-06,118.5
2023-10-07,118.43500000000002
2023-10-08,118.5
2023-10-09,119.59
2023-10-10,119.57
2023-10-11,120.48
2023-10-12,119.81
2023-10-13,120.43
2023-10-14,120.12
2023-10-15,120.43
2023-10-16,121.43
2023-10-17,121.71
2023-10-18,121.78
2023-10-19,122.34
2023-10-20,122.57
2023-10-21,122.45499999999998
2023-10-22,122.57
2023-10-23,122.39
2023-10-24,122.04
2023-10-25,122.36
2023-10-26,120.68
2023-10-27,120.6
2023-10-28,120.63999999999999
2023-10-29,120.6
2023-10-30,120.39
2023-10-31,119.2
2023-11-01,119.4
2023-11-02,119.03
2023-11-03,119.55
2023-11-04,119.29
2023-11-05,119.55
2023-11-06,120.36
2023-11-07,120.66
2023-11-08,120.31
2023-11-09,119.85
2023-11-10,119.54
2023-11-11,119.69500000000002
2023-11-12,119.54
2023-11-13,120.09
2023-11-14,119.18
2023-11-15,118.71
2023-11-16,117.86
2023-11-17,117.94
2023-11-18,117.9
2023-11-19,117.94
2023-11-20,118.09
2023-11-21,118.7
2023-11-22,118.84
2023-11-23,117.24
2023-11-24,115.55
2023-11-25,116.39499999999998
2023-11-26,115.55
2023-11-27,116.08
2023-11-28,117.4
2023-11-29,116.24
2023-11-30,115.61
2023-12-01,114.81
2023-12-02,115.21
2023-12-03,114.81
2023-12-04,114.12
2023-12-05,114.55
2023-12-06,113.42
2023-12-07,113.06
2023-12-08,113.09
2023-12-09,113.075
2023-12-10,113.09
2023-12-11,111.28
2023-12-12,110.65
2023-12-13,111.05
2023-12-14,110.46
2023-12-15,111.66
2023-12-16,111.05999999999997
2023-12-17,111.66
2023-12-18,112.74
2023-12-19,113.04
2023-12-20,113.64
2023-12-21,113.18
2023-12-22,113.61
2023-12-23,113.39500000000001
2023-12-24,113.61
2023-12-25,113.84
2023-12-26,113.98
2023-12-27,113.85
2023-12-28,114.06
2023-12-29,114.0
2023-12-30,114.03
2023-12-31,114.0
2024-01-01,114.0
2024-01-02,114.0
2024-01-03,114.74
2024-01-04,115.03
2024-01-05,115.03
2024-01-06,115.03
2024-01-07,115.03
2024-01-08,115.57
2024-01-09,116.19
2024-01-10,116.68
2024-01-11,117.45
2024-01-12,117.62
2024-01-13,117.535
2024-01-14,117.62
2024-01-15,117.58
2024-01-16,117.05
2024-01-17,116.85
2024-01-18,116.43
2024-01-19,116.2
2024-01-20,116.31500000000001
2024-01-21,116.2
2024-01-22,116.46
2024-01-23,116.48
2024-01-24,116.5
2024-01-25,116.71
2024-01-26,117.11
2024-01-27,116.91
2024-01-28,117.11
2024-01-29,117.69
2024-01-30,118.53
2024-01-31,118.4
2024-02-01,118.64
2024-02-02,118.25
2024-02-03,118.44500000000001
2024-02-04,118.25
2024-02-05,118.35
2024-02-06,118.74
2024-02-07,119.43
2024-02-08,118.94
2024-02-09,118.32
2024-02-10,118.63
2024-02-11,118.32
2024-02-12,118.18
2024-02-13,118.89
2024-02-14,119.07
2024-02-15,119.05
2024-02-16,117.65
2024-02-17,118.35
2024-02-18,117.65
2024-02-19,116.64
2024-02-20,114.72
2024-02-21,111.75
2024-02-22,112.02
2024-02-23,111.88499999999999
2024-02-24,112.02
2024-02-25,112.02
2024-02-26,113.73
2024-02-27,113.56
2024-02-28,113.94
2024-02-29,114.51
2024-03-01,114.83
2024-03-02,114.66999999999999
2024-03-03,114.83
2024-03-04,115.35
2024-03-05,115.41
2024-03-06,115.41
2024-03-07,115.29
2024-03-08,115.35000000000001
2024-03-09,115.29
2024-03-10,115.29
2024-03-11,115.39
2024-03-12,115.48
2024-03-13,115.42
2024-03-14,114.88
2024-03-15,115.01
2024-03-16,114.945
2024-03-17,115.01
2024-03-18,114.88
2024-03-19,114.09
2024-03-20,114.26
2024-03-21,114.51
2024-03-22,114.06
2024-03-23,114.28500000000003
2024-03-24,114.06
2024-03-25,114.49
2024-03-26,114.69
2024-03-27,114.95
2024-03-28,114.58
2024-03-29,115.09
2024-03-30,114.83500000000001
2024-03-31,115.09
2024-04-01,115.45
2024-04-02,115.72
2024-04-03,116.59
2024-04-04,116.5
